Location,Period,(%) of health exp against GDP
Monaco,2020,1.67
New Zealand,2020,10.03
Brazil,2020,10.31
Denmark,2020,10.53
Portugal,2020,10.55
Australia,2020,10.65
Spain,2020,10.71
Malta,2020,10.84
Japan,2020,10.9
Belgium,2020,11.06
Netherlands,2020,11.14
Maldives,2020,11.35
Sweden,2020,11.38
Montenegro,2020,11.42
Norway,2020,11.42
Austria,2020,11.47
Micronesia (Federated States of),2020,11.56
Kiribati,2020,11.64
Lesotho,2020,11.78
Switzerland,2020,11.8
Nauru,2020,11.97
United Kingdom of Great Britain and Northern Ireland,2020,11.98
France,2020,12.21
Armenia,2020,12.24
Cuba,2020,12.49
Germany,2020,12.82
Canada,2020,12.94
Marshall Islands,2020,13.01
Afghanistan,2020,15.53
Palau,2020,18.39
United States of America,2020,18.82
Djibouti,2020,2.01
Brunei Darussalam,2020,2.39
Papua New Guinea,2020,2.53
Benin,2020,2.59
Gambia,2020,2.61
Bangladesh,2020,2.63
Lao People's Democratic Republic,2020,2.69
Angola,2020,2.91
Pakistan,2020,2.95
India,2020,2.96
Tuvalu,2020,21.54
Sudan,2020,3.02
Cook Islands,2020,3.19
Haiti,2020,3.22
Mauritania,2020,3.36
Nigeria,2020,3.38
Indonesia,2020,3.41
Gabon,2020,3.43
Zimbabwe,2020,3.43
Ethiopia,2020,3.48
Myanmar,2020,3.69
Côte d’Ivoire,2020,3.72
Fiji,2020,3.75
United Republic of Tanzania,2020,3.75
Cameroon,2020,3.77
Equatorial Guinea,2020,3.77
Kazakhstan,2020,3.79
Venezuela (Bolivarian Republic of),2020,3.82
Madagascar,2020,3.88
Uganda,2020,3.96
Vanuatu,2020,3.97
Ghana,2020,3.99
Guinea,2020,4.04
Democratic Republic of the Congo,2020,4.05
Sri Lanka,2020,4.07
Eritrea,2020,4.09
Malaysia,2020,4.12
Qatar,2020,4.18
Kenya,2020,4.29
Mali,2020,4.31
Egypt,2020,4.36
Thailand,2020,4.36
Bhutan,2020,4.37
Solomon Islands,2020,4.43
Congo,2020,4.47
Azerbaijan,2020,4.61
Türkiye,2020,4.62
Viet Nam,2020,4.68
Bahrain,2020,4.72
Saint Vincent and the Grenadines,2020,4.82
Sao Tome and Principe,2020,4.91
Dominican Republic,2020,4.94
Mongolia,2020,4.94
Iraq,2020,5.08
Philippines,2020,5.11
Senegal,2020,5.15
Nepal,2020,5.17
South Sudan,2020,5.25
Kyrgyzstan,2020,5.26
Tonga,2020,5.32
Oman,2020,5.33
Samoa,2020,5.33
Iran (Islamic Republic of),2020,5.34
Comoros,2020,5.35
Saint Kitts and Nevis,2020,5.37
Chad,2020,5.41
Malawi,2020,5.43
Guyana,2020,5.51
China,2020,5.59
Antigua and Barbuda,2020,5.61
Zambia,2020,5.62
Dominica,2020,5.65
United Arab Emirates,2020,5.67
Turkmenistan,2020,5.68
Luxembourg,2020,5.77
Grenada,2020,5.82
Togo,2020,5.96
Morocco,2020,5.99
Cabo Verde,2020,6.02
Singapore,2020,6.05
Botswana,2020,6.19
Niger,2020,6.2
Mexico,2020,6.24
Romania,2020,6.27
Peru,2020,6.3
Kuwait,2020,6.31
Algeria,2020,6.32
Tunisia,2020,6.34
Seychelles,2020,6.39
Belarus,2020,6.41
Guatemala,2020,6.47
Poland,2020,6.49
Burundi,2020,6.5
Eswatini,2020,6.51
Jamaica,2020,6.61
Mauritius,2020,6.66
Burkina Faso,2020,6.72
Saint Lucia,2020,6.74
Uzbekistan,2020,6.75
Suriname,2020,6.77
Republic of Moldova,2020,6.78
Belize,2020,6.92
Ireland,2020,7.1
Barbados,2020,7.2
Slovakia,2020,7.23
Hungary,2020,7.25
Trinidad and Tobago,2020,7.31
Rwanda,2020,7.32
Latvia,2020,7.45
Jordan,2020,7.47
Cambodia,2020,7.51
Lithuania,2020,7.54
Paraguay,2020,7.58
Bahamas,2020,7.59
Georgia,2020,7.6
Russian Federation,2020,7.6
Mozambique,2020,7.62
Ukraine,2020,7.62
Estonia,2020,7.75
Croatia,2020,7.77
Niue,2020,7.84
Bolivia (Plurinational State of),2020,7.86
Costa Rica,2020,7.86
The former Yugoslav Republic of Macedonia,2020,7.89
Lebanon,2020,7.95
Cyprus,2020,8.09
Tajikistan,2020,8.18
Israel,2020,8.32
Republic of Korea,2020,8.36
Guinea-Bissau,2020,8.41
Ecuador,2020,8.48
Bulgaria,2020,8.52
South Africa,2020,8.58
Nicaragua,2020,8.63
San Marino,2020,8.69
Serbia,2020,8.73
Sierra Leone,2020,8.76
Namibia,2020,8.9
Colombia,2020,8.99
Honduras,2020,9.04
Andorra,2020,9.05
Uruguay,2020,9.15
Czechia,2020,9.24
Central African Republic,2020,9.4
Slovenia,2020,9.45
Liberia,2020,9.5
Greece,2020,9.51
Iceland,2020,9.56
Finland,2020,9.61
Italy,2020,9.63
Panama,2020,9.66
Chile,2020,9.75
Bosnia and Herzegovina,2020,9.84
El Salvador,2020,9.85
Timor-Leste,2020,9.85
Argentina,2020,9.98
Monaco,2019,1.53
Denmark,2019,10.12
Netherlands,2019,10.14
Australia,2019,10.23
Austria,2019,10.48
Norway,2019,10.54
Belgium,2019,10.66
Japan,2019,10.75
Sweden,2019,10.83
Canada,2019,10.95
Cuba,2019,11.08
France,2019,11.1
Micronesia (Federated States of),2019,11.26
Switzerland,2019,11.29
Armenia,2019,11.38
Kiribati,2019,11.39
Lesotho,2019,11.41
Germany,2019,11.7
Nauru,2019,12.18
Afghanistan,2019,14.83
Marshall Islands,2019,14.83
Palau,2019,15.71
United States of America,2019,16.68
Djibouti,2019,2.02
Brunei Darussalam,2019,2.19
Venezuela (Bolivarian Republic of),2019,2.19
Benin,2019,2.32
Papua New Guinea,2019,2.33
Congo,2019,2.57
Lao People's Democratic Republic,2019,2.6
Bangladesh,2019,2.62
Angola,2019,2.66
Gabon,2019,2.77
Kazakhstan,2019,2.79
Pakistan,2019,2.85
Indonesia,2019,2.9
India,2019,2.94
Nigeria,2019,2.99
Tuvalu,2019,20.89
Equatorial Guinea,2019,3.03
Cook Islands,2019,3.12
Gambia,2019,3.16
Ethiopia,2019,3.23
Côte d’Ivoire,2019,3.29
Vanuatu,2019,3.31
Mauritania,2019,3.35
Ghana,2019,3.39
Qatar,2019,3.51
Democratic Republic of the Congo,2019,3.54
Bhutan,2019,3.6
Cameroon,2019,3.65
Sri Lanka,2019,3.66
Zimbabwe,2019,3.66
Madagascar,2019,3.78
Uganda,2019,3.8
Fiji,2019,3.82
Malaysia,2019,3.84
Thailand,2019,3.86
United Republic of Tanzania,2019,3.87
Mali,2019,3.88
Haiti,2019,3.91
Bahrain,2019,3.96
Azerbaijan,2019,4.07
Guinea,2019,4.07
Mongolia,2019,4.16
Philippines,2019,4.17
Dominican Republic,2019,4.24
Iraq,2019,4.26
United Arab Emirates,2019,4.3
Saint Vincent and the Grenadines,2019,4.32
Saint Lucia,2019,4.33
Kenya,2019,4.36
Türkiye,2019,4.36
Antigua and Barbuda,2019,4.38
Oman,2019,4.39
Singapore,2019,4.42
Nepal,2019,4.45
Eritrea,2019,4.46
Solomon Islands,2019,4.46
Chad,2019,4.48
Kyrgyzstan,2019,4.49
Senegal,2019,4.5
Sudan,2019,4.63
South Sudan,2019,4.66
Myanmar,2019,4.68
Tonga,2019,4.75
Egypt,2019,4.84
Seychelles,2019,4.87
Grenada,2019,4.93
Guyana,2019,4.93
Saint Kitts and Nevis,2019,4.93
Viet Nam,2019,5.03
Cabo Verde,2019,5.07
Dominica,2019,5.13
Malawi,2019,5.14
Comoros,2019,5.18
Peru,2019,5.21
Sao Tome and Principe,2019,5.23
Zambia,2019,5.32
China,2019,5.35
Kuwait,2019,5.36
Morocco,2019,5.37
Burkina Faso,2019,5.38
Uzbekistan,2019,5.43
Luxembourg,2019,5.44
Mexico,2019,5.45
Tunisia,2019,5.47
Togo,2019,5.64
Russian Federation,2019,5.65
Niger,2019,5.67
Turkmenistan,2019,5.68
Romania,2019,5.74
Belarus,2019,5.86
Bahamas,2019,5.9
Iran (Islamic Republic of),2019,5.95
Timor-Leste,2019,5.96
Samoa,2019,6.02
Belize,2019,6.07
Jamaica,2019,6.1
Botswana,2019,6.12
Barbados,2019,6.19
Guatemala,2019,6.19
Mauritius,2019,6.2
Algeria,2019,6.25
Hungary,2019,6.3
Rwanda,2019,6.33
Republic of Moldova,2019,6.37
Poland,2019,6.45
Burundi,2019,6.54
Latvia,2019,6.62
Georgia,2019,6.66
Ireland,2019,6.67
Eswatini,2019,6.75
Croatia,2019,6.81
Estonia,2019,6.82
Trinidad and Tobago,2019,6.82
Bolivia (Plurinational State of),2019,6.89
Cambodia,2019,6.9
Cyprus,2019,6.95
Slovakia,2019,6.95
Tajikistan,2019,6.95
Lithuania,2019,7
The former Yugoslav Republic of Macedonia,2019,7.07
Bulgaria,2019,7.09
Ukraine,2019,7.09
Paraguay,2019,7.16
Niue,2019,7.2
Costa Rica,2019,7.22
Honduras,2019,7.3
Andorra,2019,7.41
Israel,2019,7.47
Jordan,2019,7.57
Czechia,2019,7.6
Maldives,2019,7.66
Ecuador,2019,7.82
Central African Republic,2019,7.83
Lebanon,2019,7.9
Mozambique,2019,7.95
Colombia,2019,8.12
Republic of Korea,2019,8.14
Greece,2019,8.2
South Africa,2019,8.24
Montenegro,2019,8.33
Panama,2019,8.33
Guinea-Bissau,2019,8.35
San Marino,2019,8.35
Liberia,2019,8.43
Suriname,2019,8.43
Namibia,2019,8.45
El Salvador,2019,8.5
Slovenia,2019,8.52
Iceland,2019,8.53
Nicaragua,2019,8.56
Italy,2019,8.66
Serbia,2019,8.67
Sierra Leone,2019,8.85
Bosnia and Herzegovina,2019,9.05
Spain,2019,9.14
Finland,2019,9.17
Malta,2019,9.24
Chile,2019,9.33
Uruguay,2019,9.39
Argentina,2019,9.47
New Zealand,2019,9.48
Portugal,2019,9.51
Brazil,2019,9.61
United Kingdom of Great Britain and Northern Ireland,2019,9.87
Monaco,2018,1.6
Congo,2018,1.9
Armenia,2018,10.01
Netherlands,2018,10.02
Norway,2018,10.02
Australia,2018,10.07
Denmark,2018,10.1
Austria,2018,10.34
Japan,2018,10.75
Belgium,2018,10.79
Canada,2018,10.85
Sweden,2018,10.94
Central African Republic,2018,11
Cuba,2018,11.02
Lesotho,2018,11.02
France,2018,11.21
Palau,2018,11.22
Switzerland,2018,11.39
Germany,2018,11.46
Micronesia (Federated States of),2018,11.66
Nauru,2018,11.73
Kiribati,2018,11.92
Afghanistan,2018,14.21
Marshall Islands,2018,15.26
United States of America,2018,16.64
Tuvalu,2018,18.2
Lao People's Democratic Republic,2018,2.25
Djibouti,2018,2.26
Papua New Guinea,2018,2.29
Brunei Darussalam,2018,2.41
Venezuela (Bolivarian Republic of),2018,2.42
Benin,2018,2.48
Angola,2018,2.59
Cook Islands,2018,2.7
Bangladesh,2018,2.72
Gabon,2018,2.75
Kazakhstan,2018,2.82
Pakistan,2018,2.83
India,2018,2.86
Indonesia,2018,2.87
Nigeria,2018,3.09
Equatorial Guinea,2018,3.1
Côte d’Ivoire,2018,3.12
Bhutan,2018,3.24
Qatar,2018,3.25
Democratic Republic of the Congo,2018,3.3
Ethiopia,2018,3.3
Vanuatu,2018,3.32
Gambia,2018,3.34
Ghana,2018,3.4
Mauritania,2018,3.44
Fiji,2018,3.55
Azerbaijan,2018,3.56
Cameroon,2018,3.62
Oman,2018,3.69
Mali,2018,3.73
Guinea,2018,3.74
Malaysia,2018,3.76
Mongolia,2018,3.8
Solomon Islands,2018,3.87
Thailand,2018,3.87
Sri Lanka,2018,3.91
Philippines,2018,3.95
Uganda,2018,4.02
Iraq,2018,4.06
Singapore,2018,4.07
Kenya,2018,4.1
Türkiye,2018,4.12
Bahrain,2018,4.13
Dominican Republic,2018,4.13
Eritrea,2018,4.13
Saint Vincent and the Grenadines,2018,4.14
United Arab Emirates,2018,4.15
United Republic of Tanzania,2018,4.16
Madagascar,2018,4.27
Haiti,2018,4.32
Saint Lucia,2018,4.42
Senegal,2018,4.43
Sudan,2018,4.46
Nepal,2018,4.53
Chad,2018,4.57
Grenada,2018,4.58
Zimbabwe,2018,4.67
Tonga,2018,4.81
Antigua and Barbuda,2018,4.85
Saint Kitts and Nevis,2018,4.89
Comoros,2018,4.9
Guyana,2018,4.9
Myanmar,2018,4.9
Burkina Faso,2018,4.95
Egypt,2018,4.99
Seychelles,2018,4.99
Kyrgyzstan,2018,5.01
Viet Nam,2018,5.05
Zambia,2018,5.06
Uzbekistan,2018,5.08
Samoa,2018,5.09
China,2018,5.17
Cabo Verde,2018,5.19
Kuwait,2018,5.19
Peru,2018,5.19
Luxembourg,2018,5.26
Niger,2018,5.29
Morocco,2018,5.33
Russian Federation,2018,5.36
Mexico,2018,5.38
Belarus,2018,5.53
Saudi Arabia,2018,5.54
Romania,2018,5.56
Turkmenistan,2018,5.69
Belize,2018,5.8
Sao Tome and Principe,2018,5.84
Mauritius,2018,5.87
Tunisia,2018,5.94
Jamaica,2018,5.97
Togo,2018,6
Bahamas,2018,6.01
Botswana,2018,6.04
Dominica,2018,6.08
Guatemala,2018,6.12
Cambodia,2018,6.14
Algeria,2018,6.16
Latvia,2018,6.19
South Sudan,2018,6.28
Timor-Leste,2018,6.29
Poland,2018,6.33
The former Yugoslav Republic of Macedonia,2018,6.46
Lithuania,2018,6.53
Barbados,2018,6.56
Hungary,2018,6.58
Republic of Moldova,2018,6.59
Bolivia (Plurinational State of),2018,6.6
Albania,2018,6.66
Trinidad and Tobago,2018,6.67
Suriname,2018,6.69
Rwanda,2018,6.7
Slovakia,2018,6.7
Estonia,2018,6.72
Paraguay,2018,6.74
Croatia,2018,6.76
Cyprus,2018,6.85
Malawi,2018,6.87
Ireland,2018,6.88
Tajikistan,2018,7.01
Georgia,2018,7.11
Honduras,2018,7.23
Eswatini,2018,7.24
Costa Rica,2018,7.29
Israel,2018,7.29
Bulgaria,2018,7.33
Burundi,2018,7.4
Andorra,2018,7.43
Maldives,2018,7.44
Czechia,2018,7.47
Ukraine,2018,7.52
Iran (Islamic Republic of),2018,7.53
Republic of Korea,2018,7.54
Guinea-Bissau,2018,7.62
Colombia,2018,7.63
Jordan,2018,7.85
Ecuador,2018,7.86
Panama,2018,7.88
Lebanon,2018,8.02
South Africa,2018,8.06
Mozambique,2018,8.09
Greece,2018,8.12
Slovenia,2018,8.28
Sierra Leone,2018,8.29
Niue,2018,8.3
Namibia,2018,8.32
El Salvador,2018,8.33
Montenegro,2018,8.34
Iceland,2018,8.38
San Marino,2018,8.49
Nicaragua,2018,8.5
Serbia,2018,8.53
Malta,2018,8.57
Italy,2018,8.68
Bosnia and Herzegovina,2018,8.89
Spain,2018,9
Uruguay,2018,9.01
Finland,2018,9.04
New Zealand,2018,9.04
Chile,2018,9.16
Portugal,2018,9.41
Brazil,2018,9.46
Argentina,2018,9.5
United Kingdom of Great Britain and Northern Ireland,2018,9.66
Liberia,2018,9.85
Monaco,2017,1.64
Denmark,2017,10.1
Netherlands,2017,10.11
Australia,2017,10.13
Lesotho,2017,10.2
Norway,2017,10.32
Armenia,2017,10.36
Austria,2017,10.38
Argentina,2017,10.44
Kiribati,2017,10.6
Japan,2017,10.66
Belgium,2017,10.75
Sweden,2017,10.79
Canada,2017,10.86
Germany,2017,11.32
France,2017,11.36
Cuba,2017,11.47
Switzerland,2017,11.48
Nauru,2017,11.49
Palau,2017,12.17
Micronesia (Federated States of),2017,12.2
Afghanistan,2017,12.62
Marshall Islands,2017,14.39
Tuvalu,2017,15.81
United States of America,2017,16.77
Papua New Guinea,2017,2.23
Brunei Darussalam,2017,2.27
Djibouti,2017,2.46
Congo,2017,2.52
Lao People's Democratic Republic,2017,2.53
Benin,2017,2.6
Vanuatu,2017,2.76
Bangladesh,2017,2.78
Gabon,2017,2.78
Angola,2017,2.79
Pakistan,2017,2.79
Indonesia,2017,2.9
Cook Islands,2017,2.92
India,2017,2.94
Equatorial Guinea,2017,2.96
Kazakhstan,2017,3.05
Fiji,2017,3.19
Ghana,2017,3.28
Côte d’Ivoire,2017,3.31
Mauritania,2017,3.32
Bhutan,2017,3.34
Gambia,2017,3.35
Cameroon,2017,3.4
Qatar,2017,3.44
Ethiopia,2017,3.45
Sri Lanka,2017,3.6
Mali,2017,3.67
Malaysia,2017,3.71
Eritrea,2017,3.73
Azerbaijan,2017,3.74
Nigeria,2017,3.75
Haiti,2017,3.82
Thailand,2017,3.85
Guinea,2017,3.92
Mongolia,2017,3.94
Philippines,2017,3.96
Kenya,2017,3.99
Uganda,2017,4
United Arab Emirates,2017,4.06
United Republic of Tanzania,2017,4.08
Solomon Islands,2017,4.11
Democratic Republic of the Congo,2017,4.16
Senegal,2017,4.16
Türkiye,2017,4.18
Iraq,2017,4.19
Saint Vincent and the Grenadines,2017,4.2
Guyana,2017,4.32
Singapore,2017,4.37
Zambia,2017,4.4
Dominican Republic,2017,4.49
Bahrain,2017,4.51
Venezuela (Bolivarian Republic of),2017,4.52
Oman,2017,4.53
Chad,2017,4.56
Kuwait,2017,4.65
Grenada,2017,4.66
Saint Lucia,2017,4.66
Viet Nam,2017,4.71
Nepal,2017,4.72
Seychelles,2017,4.77
Madagascar,2017,4.84
Uzbekistan,2017,4.84
Tonga,2017,4.86
Antigua and Barbuda,2017,4.87
Peru,2017,4.92
China,2017,5.07
Myanmar,2017,5.08
Luxembourg,2017,5.14
Romania,2017,5.15
Saint Kitts and Nevis,2017,5.26
Cabo Verde,2017,5.27
Comoros,2017,5.27
Dominica,2017,5.28
Suriname,2017,5.32
Russian Federation,2017,5.36
Morocco,2017,5.39
Mexico,2017,5.46
Samoa,2017,5.46
Niger,2017,5.57
Egypt,2017,5.63
Cambodia,2017,5.72
Belize,2017,5.75
Belarus,2017,5.76
Mauritius,2017,5.81
Sudan,2017,5.92
Turkmenistan,2017,5.94
Latvia,2017,5.97
Burkina Faso,2017,6.06
Guatemala,2017,6.14
Jamaica,2017,6.15
Kyrgyzstan,2017,6.19
Tunisia,2017,6.19
Saudi Arabia,2017,6.26
Algeria,2017,6.28
Zimbabwe,2017,6.36
Rwanda,2017,6.39
Togo,2017,6.41
The former Yugoslav Republic of Macedonia,2017,6.44
Sao Tome and Principe,2017,6.46
Lithuania,2017,6.48
Bolivia (Plurinational State of),2017,6.49
Albania,2017,6.55
Poland,2017,6.56
Estonia,2017,6.6
Paraguay,2017,6.61
Barbados,2017,6.62
Botswana,2017,6.63
Cyprus,2017,6.64
Central African Republic,2017,6.67
Croatia,2017,6.67
Timor-Leste,2017,6.67
Bahamas,2017,6.68
Hungary,2017,6.74
Trinidad and Tobago,2017,6.75
Slovakia,2017,6.78
Tajikistan,2017,6.85
Eswatini,2017,6.98
Guinea-Bissau,2017,7
Honduras,2017,7.01
Republic of Moldova,2017,7.01
Costa Rica,2017,7.05
Georgia,2017,7.06
Republic of Korea,2017,7.11
Ireland,2017,7.15
Andorra,2017,7.16
Israel,2017,7.24
Burundi,2017,7.28
Czechia,2017,7.38
Ecuador,2017,7.43
Panama,2017,7.43
Ukraine,2017,7.43
Bulgaria,2017,7.49
Malawi,2017,7.58
Colombia,2017,7.68
Iran (Islamic Republic of),2017,7.75
Lebanon,2017,7.76
Mozambique,2017,7.84
Jordan,2017,7.98
Montenegro,2017,7.98
South Africa,2017,7.98
Greece,2017,8.14
Slovenia,2017,8.18
Serbia,2017,8.22
South Sudan,2017,8.24
Iceland,2017,8.26
Nicaragua,2017,8.33
El Salvador,2017,8.42
San Marino,2017,8.48
Italy,2017,8.68
Malta,2017,8.73
Namibia,2017,8.73
Niue,2017,8.75
Uruguay,2017,8.82
Bosnia and Herzegovina,2017,8.94
Spain,2017,8.95
New Zealand,2017,8.97
Chile,2017,9.07
Finland,2017,9.13
Maldives,2017,9.27
Portugal,2017,9.31
Sierra Leone,2017,9.4
Brazil,2017,9.47
United Kingdom of Great Britain and Northern Ireland,2017,9.59
Liberia,2017,9.95
Monaco,2016,1.63
Australia,2016,10.09
Denmark,2016,10.25
Netherlands,2016,10.29
Maldives,2016,10.31
Austria,2016,10.35
Norway,2016,10.59
Japan,2016,10.66
Nauru,2016,10.75
Belgium,2016,10.76
Sweden,2016,10.85
Canada,2016,11.03
Germany,2016,11.23
Switzerland,2016,11.3
France,2016,11.49
Afghanistan,2016,11.82
Palau,2016,12.08
Cuba,2016,12.22
Micronesia (Federated States of),2016,13.13
Tuvalu,2016,13.56
Marshall Islands,2016,15.74
Sierra Leone,2016,16.53
United States of America,2016,16.79
Papua New Guinea,2016,2.33
Lao People's Democratic Republic,2016,2.36
Benin,2016,2.47
Brunei Darussalam,2016,2.55
Pakistan,2016,2.57
Angola,2016,2.71
Djibouti,2016,2.73
Congo,2016,2.79
Bangladesh,2016,2.86
Vanuatu,2016,2.93
Indonesia,2016,3.02
Mauritania,2016,3.1
Gabon,2016,3.11
Equatorial Guinea,2016,3.14
Gambia,2016,3.2
Fiji,2016,3.28
Iraq,2016,3.28
Côte d’Ivoire,2016,3.35
Ghana,2016,3.39
Kazakhstan,2016,3.42
United Arab Emirates,2016,3.47
Cook Islands,2016,3.49
India,2016,3.5
Eritrea,2016,3.52
Bhutan,2016,3.58
Cameroon,2016,3.59
Ethiopia,2016,3.6
Nigeria,2016,3.65
Qatar,2016,3.68
Malaysia,2016,3.7
Mali,2016,3.77
Sri Lanka,2016,3.86
Venezuela (Bolivarian Republic of),2016,3.92
Thailand,2016,3.94
Philippines,2016,3.95
United Republic of Tanzania,2016,3.96
Guyana,2016,4.02
Azerbaijan,2016,4.04
Saint Vincent and the Grenadines,2016,4.13
Mongolia,2016,4.26
Senegal,2016,4.26
Türkiye,2016,4.28
Democratic Republic of the Congo,2016,4.37
Singapore,2016,4.39
Solomon Islands,2016,4.41
Grenada,2016,4.44
Zambia,2016,4.48
Viet Nam,2016,4.52
Niger,2016,4.53
Dominican Republic,2016,4.58
Comoros,2016,4.65
Uzbekistan,2016,4.72
Kuwait,2016,4.73
Kenya,2016,4.75
Oman,2016,4.79
Haiti,2016,4.81
Tonga,2016,4.82
Cabo Verde,2016,4.85
Bahrain,2016,4.86
Saint Lucia,2016,4.91
Seychelles,2016,4.96
Uganda,2016,4.96
China,2016,4.98
Peru,2016,4.99
Romania,2016,5
Chad,2016,5.05
Luxembourg,2016,5.07
Samoa,2016,5.1
Myanmar,2016,5.11
Antigua and Barbuda,2016,5.12
Dominica,2016,5.12
Madagascar,2016,5.26
Russian Federation,2016,5.29
Egypt,2016,5.36
Guinea,2016,5.4
Nepal,2016,5.42
Saint Kitts and Nevis,2016,5.42
Central African Republic,2016,5.44
Sudan,2016,5.48
Morocco,2016,5.5
Mexico,2016,5.55
Bahamas,2016,5.59
Jamaica,2016,5.7
Mauritius,2016,5.71
Turkmenistan,2016,5.74
Botswana,2016,5.77
Belarus,2016,5.91
Burkina Faso,2016,5.95
Suriname,2016,5.99
Belize,2016,6.06
Guatemala,2016,6.07
Cambodia,2016,6.12
Latvia,2016,6.13
Tunisia,2016,6.26
The former Yugoslav Republic of Macedonia,2016,6.38
Kyrgyzstan,2016,6.41
Sao Tome and Principe,2016,6.43
Saudi Arabia,2016,6.43
Poland,2016,6.53
Togo,2016,6.6
Algeria,2016,6.61
Lithuania,2016,6.64
Albania,2016,6.67
Barbados,2016,6.68
Cyprus,2016,6.68
Paraguay,2016,6.68
Estonia,2016,6.7
Croatia,2016,6.74
Eswatini,2016,6.82
Bolivia (Plurinational State of),2016,6.83
Trinidad and Tobago,2016,6.84
Timor-Leste,2016,6.9
Republic of Korea,2016,6.91
Rwanda,2016,6.96
Tajikistan,2016,6.96
Hungary,2016,6.99
Andorra,2016,7.01
Czechia,2016,7.11
Slovakia,2016,7.11
Israel,2016,7.16
Jordan,2016,7.16
Burundi,2016,7.17
Ecuador,2016,7.28
Mozambique,2016,7.28
Costa Rica,2016,7.32
Panama,2016,7.35
Ireland,2016,7.45
Bulgaria,2016,7.46
Zimbabwe,2016,7.47
Colombia,2016,7.53
Republic of Moldova,2016,7.54
Ukraine,2016,7.55
Honduras,2016,7.71
Malawi,2016,7.73
Iran (Islamic Republic of),2016,7.82
Niue,2016,7.84
Lebanon,2016,7.89
Georgia,2016,8
Nicaragua,2016,8.05
South Africa,2016,8.08
Iceland,2016,8.1
Guinea-Bissau,2016,8.33
Kiribati,2016,8.41
Greece,2016,8.45
Serbia,2016,8.46
Slovenia,2016,8.46
Chile,2016,8.52
Montenegro,2016,8.63
San Marino,2016,8.63
Uruguay,2016,8.68
Lesotho,2016,8.69
El Salvador,2016,8.71
Italy,2016,8.73
Spain,2016,8.95
Malta,2016,8.97
Argentina,2016,9
Brazil,2016,9.17
New Zealand,2016,9.24
Bosnia and Herzegovina,2016,9.25
Namibia,2016,9.32
Finland,2016,9.38
Portugal,2016,9.39
United Kingdom of Great Britain and Northern Ireland,2016,9.7
Liberia,2016,9.86
Armenia,2016,9.95
Papua New Guinea,2015,1.82
Afghanistan,2015,10.11
Armenia,2015,10.12
Norway,2015,10.13
Australia,2015,10.18
Argentina,2015,10.23
Netherlands,2015,10.32
Denmark,2015,10.34
Austria,2015,10.37
Liberia,2015,10.62
Canada,2015,10.74
Japan,2015,10.75
Belgium,2015,10.77
Sweden,2015,10.8
Switzerland,2015,11.01
Palau,2015,11.08
Germany,2015,11.18
France,2015,11.44
Micronesia (Federated States of),2015,12.46
Cuba,2015,12.81
Tuvalu,2015,13.53
Nauru,2015,13.74
Marshall Islands,2015,15.34
United States of America,2015,16.48
Monaco,2015,2.03
Brunei Darussalam,2015,2.39
Lao People's Democratic Republic,2015,2.45
Congo,2015,2.46
Pakistan,2015,2.46
Angola,2015,2.61
Gabon,2015,2.66
Benin,2015,2.68
Cook Islands,2015,2.7
Bangladesh,2015,2.72
Equatorial Guinea,2015,2.92
Indonesia,2015,2.92
Sierra Leone,2015,20.41
Kazakhstan,2015,3.04
Djibouti,2015,3.08
Iraq,2015,3.14
Gambia,2015,3.18
Côte d’Ivoire,2015,3.22
Fiji,2015,3.32
Nigeria,2015,3.58
United Arab Emirates,2015,3.58
Cameroon,2015,3.6
India,2015,3.6
United Republic of Tanzania,2015,3.65
Mauritania,2015,3.67
Qatar,2015,3.69
Bhutan,2015,3.76
Ethiopia,2015,3.82
Malaysia,2015,3.82
Thailand,2015,3.85
Sri Lanka,2015,3.89
Philippines,2015,3.9
Democratic Republic of the Congo,2015,3.97
Guyana,2015,4.02
Azerbaijan,2015,4.11
Mali,2015,4.11
Saint Vincent and the Grenadines,2015,4.11
Türkiye,2015,4.12
Singapore,2015,4.18
Kuwait,2015,4.21
Mongolia,2015,4.23
Yemen,2015,4.25
Vanuatu,2015,4.32
Senegal,2015,4.38
Zambia,2015,4.44
Eritrea,2015,4.45
Solomon Islands,2015,4.45
Seychelles,2015,4.46
Tonga,2015,4.47
Chad,2015,4.52
Ghana,2015,4.54
Viet Nam,2015,4.57
Saint Lucia,2015,4.58
Comoros,2015,4.6
Grenada,2015,4.65
Oman,2015,4.66
Dominican Republic,2015,4.72
Uzbekistan,2015,4.74
Kenya,2015,4.76
Cabo Verde,2015,4.82
China,2015,4.94
Romania,2015,4.95
Togo,2015,4.96
Madagascar,2015,4.97
Bahrain,2015,4.98
Peru,2015,4.98
Central African Republic,2015,5.03
Haiti,2015,5.08
Luxembourg,2015,5.08
Uganda,2015,5.08
Saint Kitts and Nevis,2015,5.12
Turkmenistan,2015,5.12
Burkina Faso,2015,5.13
Bahamas,2015,5.15
Dominica,2015,5.16
Antigua and Barbuda,2015,5.28
Russian Federation,2015,5.3
Egypt,2015,5.34
Sao Tome and Principe,2015,5.34
Niger,2015,5.35
Nepal,2015,5.47
Myanmar,2015,5.48
Morocco,2015,5.57
Jamaica,2015,5.62
Latvia,2015,5.65
Mauritius,2015,5.7
Mexico,2015,5.72
Venezuela (Bolivarian Republic of),2015,5.78
Samoa,2015,5.79
Guinea,2015,5.81
Suriname,2015,5.81
Belize,2015,5.89
Saudi Arabia,2015,6
Guatemala,2015,6.01
Trinidad and Tobago,2015,6.02
Belarus,2015,6.07
Botswana,2015,6.1
Cambodia,2015,6.19
Tunisia,2015,6.24
Burundi,2015,6.29
The former Yugoslav Republic of Macedonia,2015,6.34
Poland,2015,6.39
Albania,2015,6.48
Lithuania,2015,6.49
Bolivia (Plurinational State of),2015,6.55
Malawi,2015,6.63
Estonia,2015,6.64
Republic of Korea,2015,6.65
Rwanda,2015,6.65
Paraguay,2015,6.69
Croatia,2015,6.7
Mozambique,2015,6.72
Barbados,2015,6.77
Slovakia,2015,6.78
Cyprus,2015,6.82
Hungary,2015,6.85
Tajikistan,2015,6.91
Algeria,2015,6.98
Andorra,2015,7.02
Eswatini,2015,7.06
Israel,2015,7.1
Kyrgyzstan,2015,7.15
Panama,2015,7.19
Czechia,2015,7.2
Iran (Islamic Republic of),2015,7.25
Sudan,2015,7.27
Ireland,2015,7.32
Bulgaria,2015,7.39
Lebanon,2015,7.4
Georgia,2015,7.42
Zimbabwe,2015,7.45
Jordan,2015,7.46
Honduras,2015,7.48
Ecuador,2015,7.49
Colombia,2015,7.52
Costa Rica,2015,7.59
Timor-Leste,2015,7.67
Ukraine,2015,7.78
Nicaragua,2015,7.96
Kiribati,2015,8.02
South Africa,2015,8.05
Iceland,2015,8.07
Guinea-Bissau,2015,8.13
Greece,2015,8.22
Uruguay,2015,8.29
Chile,2015,8.3
Slovenia,2015,8.5
Republic of Moldova,2015,8.56
San Marino,2015,8.61
Maldives,2015,8.73
Niue,2015,8.75
El Salvador,2015,8.76
Serbia,2015,8.81
Italy,2015,8.86
Malta,2015,8.9
Brazil,2015,8.91
Lesotho,2015,8.96
Montenegro,2015,9.02
Spain,2015,9.13
New Zealand,2015,9.28
Portugal,2015,9.32
Bosnia and Herzegovina,2015,9.35
Finland,2015,9.65
United Kingdom of Great Britain and Northern Ireland,2015,9.75
Namibia,2015,9.98
Brunei Darussalam,2014,1.91
Congo,2014,1.97
Kiribati,2014,10.04
Armenia,2014,10.18
Canada,2014,10.26
Denmark,2014,10.31
Austria,2014,10.37
Netherlands,2014,10.57
Belgium,2014,10.58
Switzerland,2014,10.62
Japan,2014,10.73
Niue,2014,10.83
Sweden,2014,10.95
Germany,2014,11.02
France,2014,11.53
Micronesia (Federated States of),2014,11.72
Cuba,2014,12.14
Palau,2014,12.27
Marshall Islands,2014,13.21
Tuvalu,2014,14.69
United States of America,2014,16.19
Sierra Leone,2014,19.73
Monaco,2014,2.09
Equatorial Guinea,2014,2.19
Lao People's Democratic Republic,2014,2.3
Qatar,2014,2.42
Angola,2014,2.43
Pakistan,2014,2.46
Gabon,2014,2.53
Benin,2014,2.67
Bangladesh,2014,2.73
Iraq,2014,2.8
Kuwait,2014,2.92
Indonesia,2014,2.96
Djibouti,2014,2.97
Kazakhstan,2014,2.97
Gambia,2014,3.05
Papua New Guinea,2014,3.27
Cook Islands,2014,3.29
Nigeria,2014,3.35
Fiji,2014,3.37
Azerbaijan,2014,3.38
Mauritania,2014,3.47
Bhutan,2014,3.56
Oman,2014,3.59
Sri Lanka,2014,3.61
India,2014,3.62
United Arab Emirates,2014,3.63
Vanuatu,2014,3.65
Thailand,2014,3.68
Philippines,2014,3.7
Malaysia,2014,3.71
Côte d’Ivoire,2014,3.73
Cameroon,2014,3.79
Zambia,2014,3.83
Singapore,2014,3.87
Guyana,2014,3.95
Democratic Republic of the Congo,2014,3.98
United Republic of Tanzania,2014,4.01
Ghana,2014,4.02
Ethiopia,2014,4.03
Eritrea,2014,4.06
Saint Vincent and the Grenadines,2014,4.18
Mongolia,2014,4.21
Chad,2014,4.27
Turkmenistan,2014,4.31
Türkiye,2014,4.33
Venezuela (Bolivarian Republic of),2014,4.35
Myanmar,2014,4.39
Senegal,2014,4.39
Bahrain,2014,4.41
Madagascar,2014,4.43
Uzbekistan,2014,4.43
Niger,2014,4.45
Mali,2014,4.48
Haiti,2014,4.52
Suriname,2014,4.52
Central African Republic,2014,4.57
Seychelles,2014,4.59
Viet Nam,2014,4.61
Saint Kitts and Nevis,2014,4.75
Saint Lucia,2014,4.75
Grenada,2014,4.77
China,2014,4.78
Guinea,2014,4.79
Dominican Republic,2014,4.8
Yemen,2014,4.84
Solomon Islands,2014,4.89
Kenya,2014,4.91
Peru,2014,4.98
Burkina Faso,2014,5
Tonga,2014,5.01
Romania,2014,5.02
Egypt,2014,5.03
Nepal,2014,5.08
Togo,2014,5.08
Jamaica,2014,5.17
Russian Federation,2014,5.18
Trinidad and Tobago,2014,5.2
Luxembourg,2014,5.23
Saudi Arabia,2014,5.23
Comoros,2014,5.24
Dominica,2014,5.26
Cabo Verde,2014,5.33
Uganda,2014,5.34
Belarus,2014,5.39
Latvia,2014,5.46
Mauritius,2014,5.49
Bahamas,2014,5.55
Mexico,2014,5.55
Sudan,2014,5.68
Morocco,2014,5.86
Antigua and Barbuda,2014,5.87
Botswana,2014,5.88
Guatemala,2014,5.89
Bolivia (Plurinational State of),2014,5.9
Belize,2014,6.16
Lithuania,2014,6.19
The former Yugoslav Republic of Macedonia,2014,6.29
Mozambique,2014,6.33
Iran (Islamic Republic of),2014,6.35
Estonia,2014,6.36
Poland,2014,6.39
Albania,2014,6.44
Tunisia,2014,6.45
Republic of Korea,2014,6.47
Algeria,2014,6.55
Samoa,2014,6.6
Croatia,2014,6.62
Paraguay,2014,6.63
Tajikistan,2014,6.67
Cambodia,2014,6.7
Ecuador,2014,6.72
Sao Tome and Principe,2014,6.73
Andorra,2014,6.83
Malawi,2014,6.9
Slovakia,2014,6.91
Cyprus,2014,6.95
Rwanda,2014,6.99
Barbados,2014,7
Hungary,2014,7.04
Israel,2014,7.12
Panama,2014,7.17
Colombia,2014,7.19
Ukraine,2014,7.19
Burundi,2014,7.21
Jordan,2014,7.21
Eswatini,2014,7.26
Kyrgyzstan,2014,7.36
Lebanon,2014,7.52
Czechia,2014,7.6
Timor-Leste,2014,7.6
Costa Rica,2014,7.66
Bulgaria,2014,7.68
Chile,2014,7.81
South Africa,2014,7.87
Greece,2014,7.89
Georgia,2014,7.9
Honduras,2014,7.91
Maldives,2014,7.91
Nauru,2014,7.95
Nicaragua,2014,7.98
Montenegro,2014,8
Uruguay,2014,8.07
Zimbabwe,2014,8.13
Iceland,2014,8.23
Brazil,2014,8.4
Namibia,2014,8.41
San Marino,2014,8.48
Slovenia,2014,8.5
El Salvador,2014,8.6
Republic of Moldova,2014,8.63
Italy,2014,8.87
Malta,2014,9.09
Spain,2014,9.09
Lesotho,2014,9.12
Liberia,2014,9.2
Serbia,2014,9.25
Norway,2014,9.34
Portugal,2014,9.34
New Zealand,2014,9.4
Bosnia and Herzegovina,2014,9.49
Afghanistan,2014,9.53
Ireland,2014,9.55
Argentina,2014,9.67
Finland,2014,9.78
United Kingdom of Great Britain and Northern Ireland,2014,9.83
Australia,2014,9.85
Guinea-Bissau,2014,9.97
Equatorial Guinea,2013,1.88
Brunei Darussalam,2013,1.9
Congo,2013,1.94
Austria,2013,10.29
Ireland,2013,10.31
Armenia,2013,10.32
Denmark,2013,10.33
Canada,2013,10.41
Cuba,2013,10.43
Switzerland,2013,10.46
Belgium,2013,10.55
Netherlands,2013,10.58
Japan,2013,10.67
Sweden,2013,10.9
Germany,2013,11
France,2013,11.4
Sierra Leone,2013,11.57
Micronesia (Federated States of),2013,12.1
Palau,2013,12.18
Marshall Islands,2013,13.47
Tuvalu,2013,14.34
United States of America,2013,15.99
Qatar,2013,2.08
Monaco,2013,2.15
Lao People's Democratic Republic,2013,2.4
Pakistan,2013,2.4
Kuwait,2013,2.49
Kazakhstan,2013,2.66
Angola,2013,2.73
Bangladesh,2013,2.75
Iraq,2013,2.82
Gabon,2013,2.84
Benin,2013,2.86
Oman,2013,2.86
Indonesia,2013,2.87
Mauritania,2013,2.87
Djibouti,2013,2.92
Papua New Guinea,2013,3
Azerbaijan,2013,3.04
Fiji,2013,3.2
Myanmar,2013,3.2
Cook Islands,2013,3.39
Nigeria,2013,3.42
Thailand,2013,3.45
Guinea,2013,3.46
Malaysia,2013,3.51
Democratic Republic of the Congo,2013,3.57
United Arab Emirates,2013,3.59
Cameroon,2013,3.63
Singapore,2013,3.69
Bhutan,2013,3.71
Côte d’Ivoire,2013,3.72
Madagascar,2013,3.74
India,2013,3.75
Guyana,2013,3.8
Sri Lanka,2013,3.83
Gambia,2013,3.91
Turkmenistan,2013,3.94
Mali,2013,3.96
Tonga,2013,3.98
Chad,2013,4.07
Ethiopia,2013,4.08
Mongolia,2013,4.09
Haiti,2013,4.11
Saint Vincent and the Grenadines,2013,4.24
Philippines,2013,4.27
Bahrain,2013,4.31
Türkiye,2013,4.37
Senegal,2013,4.39
Vanuatu,2013,4.39
Niger,2013,4.47
Saudi Arabia,2013,4.47
Suriname,2013,4.49
Seychelles,2013,4.51
Solomon Islands,2013,4.58
Ghana,2013,4.59
Nepal,2013,4.63
United Republic of Tanzania,2013,4.65
Mauritius,2013,4.68
Zambia,2013,4.69
China,2013,4.71
Peru,2013,4.76
Central African Republic,2013,4.77
Dominican Republic,2013,4.92
Egypt,2013,4.92
Kenya,2013,4.93
Togo,2013,4.94
Jamaica,2013,4.95
Yemen,2013,4.96
Eritrea,2013,5.01
Trinidad and Tobago,2013,5.03
Saint Kitts and Nevis,2013,5.04
Russian Federation,2013,5.08
Viet Nam,2013,5.08
Comoros,2013,5.1
Saint Lucia,2013,5.14
Romania,2013,5.2
Luxembourg,2013,5.24
Cabo Verde,2013,5.29
Dominica,2013,5.35
Latvia,2013,5.41
Antigua and Barbuda,2013,5.51
Iran (Islamic Republic of),2013,5.55
Burkina Faso,2013,5.56
Bolivia (Plurinational State of),2013,5.57
Venezuela (Bolivarian Republic of),2013,5.59
Bahamas,2013,5.63
Grenada,2013,5.63
Belize,2013,5.64
Morocco,2013,5.69
Belarus,2013,5.7
Uzbekistan,2013,5.72
Guatemala,2013,5.77
Uganda,2013,5.78
Mexico,2013,5.81
Estonia,2013,6.02
Algeria,2013,6.04
Paraguay,2013,6.06
Lithuania,2013,6.13
Mozambique,2013,6.13
Republic of Korea,2013,6.25
Albania,2013,6.27
Poland,2013,6.41
Croatia,2013,6.44
Samoa,2013,6.44
Botswana,2013,6.5
Tunisia,2013,6.51
Tajikistan,2013,6.53
The former Yugoslav Republic of Macedonia,2013,6.72
Panama,2013,6.76
Rwanda,2013,6.78
Ecuador,2013,6.8
Andorra,2013,6.83
Ukraine,2013,6.94
Cyprus,2013,6.95
Sudan,2013,6.96
Colombia,2013,7.02
Guinea-Bissau,2013,7.04
Israel,2013,7.04
Lebanon,2013,7.06
Cambodia,2013,7.1
Zimbabwe,2013,7.11
Bulgaria,2013,7.14
Jordan,2013,7.17
Hungary,2013,7.23
Chile,2013,7.44
Eswatini,2013,7.46
Barbados,2013,7.5
Slovakia,2013,7.52
Nicaragua,2013,7.64
Costa Rica,2013,7.68
Czechia,2013,7.72
Georgia,2013,7.88
Sao Tome and Principe,2013,7.94
Brazil,2013,7.98
South Africa,2013,8.1
Uruguay,2013,8.12
Maldives,2013,8.16
Iceland,2013,8.18
Kyrgyzstan,2013,8.19
Malawi,2013,8.22
Liberia,2013,8.3
San Marino,2013,8.43
Greece,2013,8.44
Montenegro,2013,8.47
Honduras,2013,8.48
Malta,2013,8.5
Timor-Leste,2013,8.53
Burundi,2013,8.54
Republic of Moldova,2013,8.68
Slovenia,2013,8.74
Australia,2013,8.75
Italy,2013,8.78
Afghanistan,2013,8.81
Norway,2013,8.93
El Salvador,2013,9.05
Namibia,2013,9.06
Spain,2013,9.07
Serbia,2013,9.31
New Zealand,2013,9.36
Portugal,2013,9.4
Nauru,2013,9.44
Bosnia and Herzegovina,2013,9.45
Kiribati,2013,9.51
Lesotho,2013,9.51
Niue,2013,9.71
Argentina,2013,9.78
Finland,2013,9.81
United Kingdom of Great Britain and Northern Ireland,2013,9.84
Equatorial Guinea,2012,1.26
Qatar,2012,1.75
Brunei Darussalam,2012,1.85
Congo,2012,1.91
Austria,2012,10.2
Switzerland,2012,10.25
Niue,2012,10.31
Belgium,2012,10.48
Canada,2012,10.51
Denmark,2012,10.52
Netherlands,2012,10.54
Sierra Leone,2012,10.59
Ireland,2012,10.63
Japan,2012,10.67
Sweden,2012,10.74
Germany,2012,10.85
France,2012,11.3
Palau,2012,11.64
Micronesia (Federated States of),2012,12.28
Marshall Islands,2012,13.04
Tuvalu,2012,13.6
United States of America,2012,16.12
Lao People's Democratic Republic,2012,2.08
Pakistan,2012,2.2
Monaco,2012,2.23
Kuwait,2012,2.33
Angola,2012,2.4
Myanmar,2012,2.41
Gabon,2012,2.42
Oman,2012,2.6
Mauritania,2012,2.65
Papua New Guinea,2012,2.67
Iraq,2012,2.69
Bangladesh,2012,2.82
Indonesia,2012,2.91
Azerbaijan,2012,2.96
Kazakhstan,2012,3.04
Syrian Arab Republic,2012,3.05
Cook Islands,2012,3.17
Fiji,2012,3.27
Democratic Republic of the Congo,2012,3.3
Djibouti,2012,3.3
India,2012,3.33
Singapore,2012,3.33
Nigeria,2012,3.36
Turkmenistan,2012,3.37
Sri Lanka,2012,3.4
Benin,2012,3.41
United Arab Emirates,2012,3.43
Malaysia,2012,3.46
Guinea,2012,3.5
Thailand,2012,3.52
Bhutan,2012,3.62
Guyana,2012,3.71
Mali,2012,3.75
Eritrea,2012,3.78
Madagascar,2012,3.82
Chad,2012,3.86
Mongolia,2012,3.86
Central African Republic,2012,3.92
Cameroon,2012,3.93
Zambia,2012,3.93
Vanuatu,2012,3.94
Ghana,2012,4.01
Saudi Arabia,2012,4.02
Bahrain,2012,4.11
Philippines,2012,4.18
Gambia,2012,4.27
Senegal,2012,4.27
Mauritius,2012,4.28
Suriname,2012,4.28
Niger,2012,4.31
Côte d’Ivoire,2012,4.43
Türkiye,2012,4.44
Saint Vincent and the Grenadines,2012,4.45
Nepal,2012,4.49
Ethiopia,2012,4.54
China,2012,4.57
Burkina Faso,2012,4.6
Egypt,2012,4.71
Romania,2012,4.73
Peru,2012,4.74
Tonga,2012,4.8
Togo,2012,4.81
Solomon Islands,2012,4.85
Trinidad and Tobago,2012,4.87
Jamaica,2012,4.89
Russian Federation,2012,4.94
Saint Lucia,2012,5
Viet Nam,2012,5
Saint Kitts and Nevis,2012,5.01
Kenya,2012,5.02
United Republic of Tanzania,2012,5.02
Dominican Republic,2012,5.05
Samoa,2012,5.07
Cabo Verde,2012,5.13
Comoros,2012,5.17
Yemen,2012,5.2
Belarus,2012,5.25
Bolivia (Plurinational State of),2012,5.25
Mozambique,2012,5.25
Luxembourg,2012,5.29
Bahamas,2012,5.32
Latvia,2012,5.41
Belize,2012,5.43
Antigua and Barbuda,2012,5.48
Uzbekistan,2012,5.55
Haiti,2012,5.56
Mexico,2012,5.67
Sudan,2012,5.69
Seychelles,2012,5.73
Dominica,2012,5.8
Grenada,2012,5.82
Estonia,2012,5.83
Morocco,2012,5.84
Guinea-Bissau,2012,5.94
Tajikistan,2012,5.98
Algeria,2012,6
Malawi,2012,6.02
Guatemala,2012,6.07
Albania,2012,6.09
Uganda,2012,6.11
Iran (Islamic Republic of),2012,6.12
Republic of Korea,2012,6.13
Poland,2012,6.22
Lithuania,2012,6.28
Tunisia,2012,6.29
Botswana,2012,6.35
Venezuela (Bolivarian Republic of),2012,6.45
Sao Tome and Principe,2012,6.48
Paraguay,2012,6.53
Cyprus,2012,6.55
The former Yugoslav Republic of Macedonia,2012,6.61
Panama,2012,6.74
Andorra,2012,6.75
Colombia,2012,6.75
Ecuador,2012,6.76
Zimbabwe,2012,6.92
Czechia,2012,6.98
Timor-Leste,2012,6.99
Lebanon,2012,7
Chile,2012,7.02
Israel,2012,7.08
Ukraine,2012,7.12
Cambodia,2012,7.26
Hungary,2012,7.41
Nicaragua,2012,7.49
Bulgaria,2012,7.54
Slovakia,2012,7.57
Croatia,2012,7.7
Brazil,2012,7.74
Barbados,2012,7.78
Costa Rica,2012,7.79
Eswatini,2012,7.82
Jordan,2012,7.82
Afghanistan,2012,7.9
South Africa,2012,8
Georgia,2012,8.05
Uruguay,2012,8.07
Rwanda,2012,8.11
Iceland,2012,8.18
Montenegro,2012,8.3
Malta,2012,8.38
Kyrgyzstan,2012,8.51
Burundi,2012,8.53
El Salvador,2012,8.61
Kiribati,2012,8.65
Honduras,2012,8.66
Australia,2012,8.67
Maldives,2012,8.67
Slovenia,2012,8.72
Liberia,2012,8.77
Italy,2012,8.78
Norway,2012,8.78
Greece,2012,8.92
Armenia,2012,9.13
Republic of Moldova,2012,9.14
Spain,2012,9.15
San Marino,2012,9.18
Lesotho,2012,9.22
Nauru,2012,9.22
Namibia,2012,9.27
Cuba,2012,9.3
Serbia,2012,9.33
Bosnia and Herzegovina,2012,9.49
Finland,2012,9.59
New Zealand,2012,9.65
Portugal,2012,9.65
Argentina,2012,9.83
United Kingdom of Great Britain and Northern Ireland,2012,9.93
Equatorial Guinea,2011,1.55
Qatar,2011,1.6
Congo,2011,1.75
Brunei Darussalam,2011,1.86
Myanmar,2011,1.93
Lao People's Democratic Republic,2011,1.94
Switzerland,2011,10.02
Austria,2011,10.03
Burundi,2011,10.07
Netherlands,2011,10.23
Belgium,2011,10.36
Canada,2011,10.41
Denmark,2011,10.41
Sweden,2011,10.42
Japan,2011,10.49
Ireland,2011,10.63
Germany,2011,10.78
Palau,2011,10.82
France,2011,11.18
Cuba,2011,11.31
Marshall Islands,2011,13.09
Micronesia (Federated States of),2011,13.1
Sierra Leone,2011,13.28
Tuvalu,2011,14.1
United States of America,2011,16.14
Niue,2011,19.83
Pakistan,2011,2.14
Monaco,2011,2.18
Papua New Guinea,2011,2.29
Kuwait,2011,2.33
Azerbaijan,2011,2.45
Mauritania,2011,2.47
Syrian Arab Republic,2011,2.53
Oman,2011,2.55
Gabon,2011,2.56
Kazakhstan,2011,2.6
Angola,2011,2.65
Iraq,2011,2.79
Bangladesh,2011,2.83
Indonesia,2011,2.99
Benin,2011,3.1
Fiji,2011,3.14
Singapore,2011,3.16
India,2011,3.25
Turkmenistan,2011,3.25
Democratic Republic of the Congo,2011,3.26
Malaysia,2011,3.31
Nigeria,2011,3.32
Bhutan,2011,3.35
Djibouti,2011,3.38
Zambia,2011,3.46
Thailand,2011,3.57
Cook Islands,2011,3.58
Mongolia,2011,3.59
Vanuatu,2011,3.6
United Arab Emirates,2011,3.67
Central African Republic,2011,3.68
Saudi Arabia,2011,3.71
Sri Lanka,2011,3.72
Guinea,2011,3.79
Tonga,2011,3.82
Cameroon,2011,3.85
Bahrain,2011,3.87
Chad,2011,3.91
Mali,2011,4.01
Philippines,2011,4.03
Guyana,2011,4.17
Senegal,2011,4.21
Saint Vincent and the Grenadines,2011,4.23
Cabo Verde,2011,4.31
Mauritius,2011,4.31
China,2011,4.34
Egypt,2011,4.36
Gambia,2011,4.37
Côte d’Ivoire,2011,4.4
Suriname,2011,4.41
Madagascar,2011,4.44
Nepal,2011,4.44
Ethiopia,2011,4.47
Peru,2011,4.54
Togo,2011,4.55
Viet Nam,2011,4.61
Burkina Faso,2011,4.65
Türkiye,2011,4.65
Ghana,2011,4.69
Romania,2011,4.7
Trinidad and Tobago,2011,4.72
Yemen,2011,4.77
Russian Federation,2011,4.79
Seychelles,2011,4.8
Belarus,2011,4.87
Niger,2011,4.87
Mozambique,2011,5
Solomon Islands,2011,5.02
Dominican Republic,2011,5.04
United Republic of Tanzania,2011,5.06
Saint Lucia,2011,5.14
Saint Kitts and Nevis,2011,5.16
Bolivia (Plurinational State of),2011,5.17
Kenya,2011,5.2
Eritrea,2011,5.22
Jamaica,2011,5.24
Uzbekistan,2011,5.26
Algeria,2011,5.27
Comoros,2011,5.3
Bahamas,2011,5.32
Malawi,2011,5.32
Dominica,2011,5.33
Samoa,2011,5.43
Antigua and Barbuda,2011,5.44
Mexico,2011,5.52
Sudan,2011,5.62
Belize,2011,5.69
Latvia,2011,5.72
Grenada,2011,5.8
Morocco,2011,5.81
Estonia,2011,5.82
Paraguay,2011,5.82
Tajikistan,2011,5.86
Botswana,2011,5.87
Haiti,2011,5.91
Luxembourg,2011,5.95
Guatemala,2011,5.96
Republic of Korea,2011,6.01
Libya,2011,6.05
Iran (Islamic Republic of),2011,6.1
Albania,2011,6.12
Tunisia,2011,6.12
Guinea-Bissau,2011,6.22
Poland,2011,6.24
Cyprus,2011,6.45
Ecuador,2011,6.48
Lithuania,2011,6.49
The former Yugoslav Republic of Macedonia,2011,6.52
Uganda,2011,6.7
Sao Tome and Principe,2011,6.76
Chile,2011,6.77
Colombia,2011,6.78
Ukraine,2011,6.82
Timor-Leste,2011,6.87
Barbados,2011,6.9
Czechia,2011,6.93
Israel,2011,6.96
Panama,2011,7.08
Bulgaria,2011,7.1
Kyrgyzstan,2011,7.11
Venezuela (Bolivarian Republic of),2011,7.18
Slovakia,2011,7.33
Nicaragua,2011,7.45
Hungary,2011,7.48
Cambodia,2011,7.5
Croatia,2011,7.69
Andorra,2011,7.7
Brazil,2011,7.79
Maldives,2011,7.92
Rwanda,2011,7.94
South Africa,2011,7.94
Uruguay,2011,7.95
Montenegro,2011,7.97
Georgia,2011,8.01
Zimbabwe,2011,8.08
Costa Rica,2011,8.12
Jordan,2011,8.15
Lebanon,2011,8.18
Iceland,2011,8.2
San Marino,2011,8.25
Malta,2011,8.45
Eswatini,2011,8.47
Australia,2011,8.54
Slovenia,2011,8.54
Afghanistan,2011,8.56
Kiribati,2011,8.63
Italy,2011,8.77
Honduras,2011,8.79
Norway,2011,8.79
El Salvador,2011,8.88
Republic of Moldova,2011,9.1
Serbia,2011,9.11
Spain,2011,9.17
Bosnia and Herzegovina,2011,9.18
Greece,2011,9.19
Finland,2011,9.22
Armenia,2011,9.38
Argentina,2011,9.42
Liberia,2011,9.43
Lesotho,2011,9.5
New Zealand,2011,9.52
Portugal,2011,9.73
Nauru,2011,9.81
Namibia,2011,9.83
United Kingdom of Great Britain and Northern Ireland,2011,9.92
Equatorial Guinea,2010,1.82
Congo,2010,1.85
Qatar,2010,1.87
Myanmar,2010,1.96
Portugal,2010,10.03
Republic of Moldova,2010,10.13
Netherlands,2010,10.16
Belgium,2010,10.2
Austria,2010,10.22
Zimbabwe,2010,10.48
Ireland,2010,10.53
Denmark,2010,10.61
Cuba,2010,10.69
Canada,2010,10.7
Sierra Leone,2010,10.94
Germany,2010,11.1
France,2010,11.23
Burundi,2010,11.28
Palau,2010,11.67
Nauru,2010,12.7
Micronesia (Federated States of),2010,13.11
Marshall Islands,2010,13.93
Niue,2010,15.54
Tuvalu,2010,15.65
United States of America,2010,16.2
Papua New Guinea,2010,2.11
Brunei Darussalam,2010,2.28
Monaco,2010,2.33
Pakistan,2010,2.4
Gabon,2010,2.48
Azerbaijan,2010,2.49
Mauritania,2010,2.64
Kuwait,2010,2.68
Angola,2010,2.7
Bangladesh,2010,2.74
Kazakhstan,2010,2.74
Indonesia,2010,2.79
Oman,2010,2.82
Lao People's Democratic Republic,2010,2.91
Benin,2010,3
Djibouti,2010,3.06
Malaysia,2010,3.16
Singapore,2010,3.2
Iraq,2010,3.23
Turkmenistan,2010,3.24
India,2010,3.27
Syrian Arab Republic,2010,3.28
Nigeria,2010,3.3
Thailand,2010,3.39
Fiji,2010,3.42
Guinea,2010,3.43
Vanuatu,2010,3.53
Bhutan,2010,3.56
Central African Republic,2010,3.57
Cameroon,2010,3.58
Libya,2010,3.59
Saudi Arabia,2010,3.65
Cook Islands,2010,3.68
Zambia,2010,3.72
Mongolia,2010,3.74
Democratic Republic of the Congo,2010,3.86
Sri Lanka,2010,3.87
United Arab Emirates,2010,3.88
Senegal,2010,4.03
Chad,2010,4.06
Bahrain,2010,4.09
Gambia,2010,4.12
Philippines,2010,4.13
Egypt,2010,4.15
Ghana,2010,4.22
Guyana,2010,4.22
China,2010,4.23
Saint Vincent and the Grenadines,2010,4.3
Nepal,2010,4.35
Côte d’Ivoire,2010,4.42
Togo,2010,4.45
Cabo Verde,2010,4.48
Haiti,2010,4.55
Mauritius,2010,4.58
Madagascar,2010,4.65
Solomon Islands,2010,4.66
Mali,2010,4.68
Suriname,2010,4.7
Viet Nam,2010,4.7
Peru,2010,4.72
Tonga,2010,4.82
Seychelles,2010,4.83
Dominican Republic,2010,4.92
Eritrea,2010,4.93
Niger,2010,4.96
Russian Federation,2010,4.97
Comoros,2010,4.99
Türkiye,2010,5.02
Saint Lucia,2010,5.04
Sudan,2010,5.06
Trinidad and Tobago,2010,5.08
Algeria,2010,5.12
Malawi,2010,5.14
Dominica,2010,5.16
Yemen,2010,5.16
Bolivia (Plurinational State of),2010,5.2
Saint Kitts and Nevis,2010,5.21
United Republic of Tanzania,2010,5.22
Burkina Faso,2010,5.24
Bahamas,2010,5.26
Samoa,2010,5.28
Jamaica,2010,5.3
Uzbekistan,2010,5.3
Antigua and Barbuda,2010,5.38
Kenya,2010,5.39
Grenada,2010,5.42
Mozambique,2010,5.44
Ethiopia,2010,5.47
Paraguay,2010,5.47
Tunisia,2010,5.61
Belize,2010,5.63
Belarus,2010,5.66
Mexico,2010,5.74
Tajikistan,2010,5.74
Romania,2010,5.77
Morocco,2010,5.86
Republic of Korea,2010,5.92
Latvia,2010,6.1
Ecuador,2010,6.12
Guatemala,2010,6.12
Albania,2010,6.24
Guinea-Bissau,2010,6.26
Botswana,2010,6.27
San Marino,2010,6.27
Iran (Islamic Republic of),2010,6.29
Estonia,2010,6.32
Poland,2010,6.41
Timor-Leste,2010,6.47
Cyprus,2010,6.52
Luxembourg,2010,6.66
The former Yugoslav Republic of Macedonia,2010,6.71
Barbados,2010,6.77
Chile,2010,6.77
Lithuania,2010,6.81
Uganda,2010,6.81
Ukraine,2010,6.81
Venezuela (Bolivarian Republic of),2010,6.83
Sao Tome and Principe,2010,6.84
Czechia,2010,6.88
Cambodia,2010,6.91
Kyrgyzstan,2010,6.95
Israel,2010,7
Colombia,2010,7.07
Bulgaria,2010,7.1
Lebanon,2010,7.44
Hungary,2010,7.45
Panama,2010,7.49
Slovakia,2010,7.7
Nicaragua,2010,7.71
South Africa,2010,7.79
Andorra,2010,7.88
Uruguay,2010,7.91
Brazil,2010,7.95
Malta,2010,7.95
Croatia,2010,8.02
Costa Rica,2010,8.03
Rwanda,2010,8.09
Jordan,2010,8.17
Sweden,2010,8.32
Iceland,2010,8.36
Lesotho,2010,8.36
Australia,2010,8.42
Maldives,2010,8.49
Afghanistan,2010,8.57
Slovenia,2010,8.57
Eswatini,2010,8.59
Honduras,2010,8.73
El Salvador,2010,8.9
Norway,2010,8.91
Italy,2010,8.92
Liberia,2010,8.98
Bosnia and Herzegovina,2010,9.02
Japan,2010,9.06
Georgia,2010,9.07
Spain,2010,9.12
Finland,2010,9.14
Armenia,2010,9.24
Kiribati,2010,9.26
Argentina,2010,9.45
Serbia,2010,9.53
New Zealand,2010,9.59
Greece,2010,9.6
Namibia,2010,9.73
Switzerland,2010,9.94
United Kingdom of Great Britain and Northern Ireland,2010,9.95
Equatorial Guinea,2009,1.84
United Kingdom of Great Britain and Northern Ireland,2009,10.03
Switzerland,2009,10.07
Maldives,2009,10.09
Portugal,2009,10.13
Austria,2009,10.23
Belgium,2009,10.32
Burundi,2009,10.35
Palau,2009,10.42
Ireland,2009,10.52
Denmark,2009,10.67
Canada,2009,10.72
Sierra Leone,2009,11.1
Germany,2009,11.24
France,2009,11.29
Tuvalu,2009,12.27
Cuba,2009,12.29
Nauru,2009,12.32
Micronesia (Federated States of),2009,12.55
Kiribati,2009,13.44
Republic of Moldova,2009,13.68
Marshall Islands,2009,14.54
United States of America,2009,16.2
Congo,2009,2.14
Myanmar,2009,2.16
Monaco,2009,2.28
Papua New Guinea,2009,2.33
Qatar,2009,2.38
Brunei Darussalam,2009,2.39
Pakistan,2009,2.47
Azerbaijan,2009,2.61
Bangladesh,2009,2.62
Indonesia,2009,2.62
Kuwait,2009,2.71
Benin,2009,2.83
Oman,2009,2.83
Turkmenistan,2009,2.85
Niue,2009,28.82
Mauritania,2009,3.11
Djibouti,2009,3.21
Vanuatu,2009,3.25
Malaysia,2009,3.26
Singapore,2009,3.4
Lao People's Democratic Republic,2009,3.46
India,2009,3.49
Cameroon,2009,3.5
Cook Islands,2009,3.5
Haiti,2009,3.5
Kazakhstan,2009,3.5
Fiji,2009,3.54
Bhutan,2009,3.55
Syrian Arab Republic,2009,3.55
Guinea,2009,3.58
Nigeria,2009,3.58
Thailand,2009,3.62
Iraq,2009,3.77
Angola,2009,3.84
Gabon,2009,3.84
Senegal,2009,3.84
Cabo Verde,2009,3.88
Nepal,2009,3.89
Seychelles,2009,3.89
Tonga,2009,3.93
United Arab Emirates,2009,4.05
Togo,2009,4.08
Saint Vincent and the Grenadines,2009,4.09
Philippines,2009,4.16
Viet Nam,2009,4.17
Antigua and Barbuda,2009,4.18
Sri Lanka,2009,4.19
Mauritius,2009,4.23
Libya,2009,4.29
Saudi Arabia,2009,4.29
Bahrain,2009,4.33
China,2009,4.35
Guyana,2009,4.35
Egypt,2009,4.38
Ghana,2009,4.38
Madagascar,2009,4.42
Zambia,2009,4.43
Chad,2009,4.44
Gambia,2009,4.46
Mongolia,2009,4.46
Côte d’Ivoire,2009,4.47
Democratic Republic of the Congo,2009,4.55
Ethiopia,2009,4.65
Dominican Republic,2009,4.76
Uzbekistan,2009,4.8
Central African Republic,2009,4.82
Comoros,2009,4.93
Peru,2009,4.97
Dominica,2009,4.98
Suriname,2009,4.98
United Republic of Tanzania,2009,5.06
Burkina Faso,2009,5.08
Bahamas,2009,5.15
Jamaica,2009,5.15
Bolivia (Plurinational State of),2009,5.17
Mozambique,2009,5.2
Mali,2009,5.23
Saint Lucia,2009,5.24
Samoa,2009,5.26
Kenya,2009,5.27
Romania,2009,5.28
Saint Kitts and Nevis,2009,5.29
Niger,2009,5.34
Algeria,2009,5.36
Belarus,2009,5.39
Eritrea,2009,5.39
Tunisia,2009,5.41
Grenada,2009,5.43
Türkiye,2009,5.49
Trinidad and Tobago,2009,5.49
Paraguay,2009,5.52
Russian Federation,2009,5.64
Ecuador,2009,5.7
Morocco,2009,5.71
Albania,2009,5.73
Belize,2009,5.76
Republic of Korea,2009,5.78
Uganda,2009,5.79
Tajikistan,2009,5.86
Malawi,2009,5.87
Yemen,2009,5.99
Andorra,2009,6.08
Latvia,2009,6.1
Iran (Islamic Republic of),2009,6.11
Mexico,2009,6.13
San Marino,2009,6.24
Guatemala,2009,6.34
Sudan,2009,6.39
Cyprus,2009,6.47
The former Yugoslav Republic of Macedonia,2009,6.53
Estonia,2009,6.55
Poland,2009,6.59
Bulgaria,2009,6.6
Solomon Islands,2009,6.61
Ukraine,2009,6.61
Botswana,2009,6.62
Kyrgyzstan,2009,6.9
Guinea-Bissau,2009,6.95
Luxembourg,2009,6.95
Lebanon,2009,7.01
Israel,2009,7.05
Barbados,2009,7.15
Sao Tome and Principe,2009,7.2
Chile,2009,7.21
Hungary,2009,7.22
Panama,2009,7.24
Czechia,2009,7.25
Colombia,2009,7.31
Timor-Leste,2009,7.31
Lithuania,2009,7.37
Venezuela (Bolivarian Republic of),2009,7.55
Cambodia,2009,7.58
South Africa,2009,7.65
Nicaragua,2009,7.69
Rwanda,2009,7.81
Costa Rica,2009,7.86
Malta,2009,7.92
Slovakia,2009,7.95
Uruguay,2009,7.95
Croatia,2009,8.11
Brazil,2009,8.39
Armenia,2009,8.44
Slovenia,2009,8.54
Australia,2009,8.55
Eswatini,2009,8.63
Sweden,2009,8.77
Iceland,2009,8.78
El Salvador,2009,8.84
Italy,2009,8.95
Japan,2009,8.96
Honduras,2009,9
Lesotho,2009,9
Bosnia and Herzegovina,2009,9.02
Namibia,2009,9.05
Norway,2009,9.07
Spain,2009,9.11
Finland,2009,9.16
Jordan,2009,9.22
Serbia,2009,9.35
Greece,2009,9.41
Liberia,2009,9.43
Argentina,2009,9.46
Georgia,2009,9.57
New Zealand,2009,9.62
Afghanistan,2009,9.82
Netherlands,2009,9.99
Qatar,2008,1.64
Equatorial Guinea,2008,1.83
Brunei Darussalam,2008,1.88
Kuwait,2008,1.92
Monaco,2008,1.92
Azerbaijan,2008,1.94
Tuvalu,2008,10.12
Germany,2008,10.25
Afghanistan,2008,10.26
France,2008,10.5
Republic of Moldova,2008,10.95
Cuba,2008,11.31
Maldives,2008,11.47
Micronesia (Federated States of),2008,11.99
Kiribati,2008,14.08
Marshall Islands,2008,15.2
United States of America,2008,15.2
Oman,2008,2.01
Myanmar,2008,2.11
Papua New Guinea,2008,2.14
Congo,2008,2.24
Bangladesh,2008,2.54
Indonesia,2008,2.55
Libya,2008,2.64
Benin,2008,2.7
Pakistan,2008,2.71
Lao People's Democratic Republic,2008,2.77
Gabon,2008,2.79
United Arab Emirates,2008,2.93
Saudi Arabia,2008,2.97
Nauru,2008,23
Niue,2008,23.26
Malaysia,2008,3.01
Mauritania,2008,3.01
Iraq,2008,3.04
Kazakhstan,2008,3.05
Vanuatu,2008,3.14
Fiji,2008,3.18
Djibouti,2008,3.19
Singapore,2008,3.19
Bahrain,2008,3.2
Guinea,2008,3.27
Angola,2008,3.32
Bhutan,2008,3.38
Syrian Arab Republic,2008,3.4
Cook Islands,2008,3.42
Thailand,2008,3.46
Turkmenistan,2008,3.49
India,2008,3.51
Senegal,2008,3.51
Cabo Verde,2008,3.58
Cameroon,2008,3.66
Trinidad and Tobago,2008,3.66
Nigeria,2008,3.7
Haiti,2008,3.76
Nepal,2008,3.81
Togo,2008,3.84
Philippines,2008,3.86
Ghana,2008,3.88
Saint Vincent and the Grenadines,2008,3.88
China,2008,3.9
Seychelles,2008,3.98
Sri Lanka,2008,3.98
Mauritius,2008,3.99
Zambia,2008,4.01
Viet Nam,2008,4.05
Chad,2008,4.06
Central African Republic,2008,4.09
Madagascar,2008,4.11
Algeria,2008,4.2
Antigua and Barbuda,2008,4.2
Guyana,2008,4.2
Mozambique,2008,4.24
Ethiopia,2008,4.28
Egypt,2008,4.47
Kenya,2008,4.5
Peru,2008,4.52
Dominican Republic,2008,4.56
Mongolia,2008,4.56
Côte d’Ivoire,2008,4.57
Bolivia (Plurinational State of),2008,4.61
Burkina Faso,2008,4.65
Gambia,2008,4.66
Samoa,2008,4.66
Uzbekistan,2008,4.7
Suriname,2008,4.75
Bahamas,2008,4.86
Russian Federation,2008,4.9
Democratic Republic of the Congo,2008,4.99
Romania,2008,5.02
Iran (Islamic Republic of),2008,5.04
Mali,2008,5.04
Paraguay,2008,5.04
Dominica,2008,5.05
Saint Lucia,2008,5.05
Comoros,2008,5.07
Tunisia,2008,5.16
Türkiye,2008,5.22
Morocco,2008,5.24
Niger,2008,5.25
Belarus,2008,5.29
Saint Kitts and Nevis,2008,5.31
Ecuador,2008,5.38
Grenada,2008,5.39
Republic of Korea,2008,5.4
Sudan,2008,5.42
Uganda,2008,5.45
San Marino,2008,5.46
Ukraine,2008,5.5
Albania,2008,5.51
Solomon Islands,2008,5.51
United Republic of Tanzania,2008,5.56
Latvia,2008,5.58
Jamaica,2008,5.61
Andorra,2008,5.67
Belize,2008,5.67
Mexico,2008,5.7
Estonia,2008,5.72
Yemen,2008,5.76
Botswana,2008,5.9
Tajikistan,2008,5.91
Cyprus,2008,6.01
Tonga,2008,6.06
Guatemala,2008,6.08
Malawi,2008,6.11
Luxembourg,2008,6.23
Bulgaria,2008,6.29
Lithuania,2008,6.29
Czechia,2008,6.33
Poland,2008,6.38
Venezuela (Bolivarian Republic of),2008,6.41
Eritrea,2008,6.42
Barbados,2008,6.48
Kyrgyzstan,2008,6.53
The former Yugoslav Republic of Macedonia,2008,6.55
Cambodia,2008,6.6
Armenia,2008,6.64
Chile,2008,6.74
Colombia,2008,6.84
Israel,2008,6.95
Slovakia,2008,6.96
Timor-Leste,2008,6.97
Guinea-Bissau,2008,7.04
Panama,2008,7.05
Hungary,2008,7.09
Sao Tome and Principe,2008,7.11
South Africa,2008,7.15
Nicaragua,2008,7.17
Costa Rica,2008,7.47
Rwanda,2008,7.57
Croatia,2008,7.67
Lesotho,2008,7.7
Lebanon,2008,7.82
Slovenia,2008,7.85
Malta,2008,7.86
Norway,2008,7.96
Brazil,2008,8.01
Japan,2008,8.09
Uruguay,2008,8.13
Argentina,2008,8.18
Sweden,2008,8.21
Australia,2008,8.25
Finland,2008,8.34
Iceland,2008,8.34
Spain,2008,8.38
Georgia,2008,8.44
Jordan,2008,8.49
El Salvador,2008,8.5
Italy,2008,8.53
Honduras,2008,8.6
Greece,2008,8.83
Eswatini,2008,8.86
Liberia,2008,9.02
United Kingdom of Great Britain and Northern Ireland,2008,9.02
New Zealand,2008,9.12
Ireland,2008,9.13
Burundi,2008,9.24
Netherlands,2008,9.28
Serbia,2008,9.48
Switzerland,2008,9.48
Denmark,2008,9.51
Portugal,2008,9.58
Belgium,2008,9.6
Canada,2008,9.61
Palau,2008,9.64
Bosnia and Herzegovina,2008,9.69
Austria,2008,9.73
Sierra Leone,2008,9.87
Namibia,2008,9.92
Equatorial Guinea,2007,1.57
Monaco,2007,1.79
Congo,2007,1.9
Kuwait,2007,1.93
Brunei Darussalam,2007,1.96
Azerbaijan,2007,1.99
Sierra Leone,2007,10.04
Germany,2007,10.05
France,2007,10.32
Tuvalu,2007,10.52
Burundi,2007,10.58
Namibia,2007,10.72
Liberia,2007,10.81
Cuba,2007,10.97
Republic of Moldova,2007,11.02
Micronesia (Federated States of),2007,11.06
Kiribati,2007,11.35
United States of America,2007,14.91
Marshall Islands,2007,16.27
Myanmar,2007,2.02
Qatar,2007,2.07
Papua New Guinea,2007,2.42
Oman,2007,2.43
Libya,2007,2.44
United Arab Emirates,2007,2.57
Bangladesh,2007,2.6
Kazakhstan,2007,2.7
Indonesia,2007,2.82
Pakistan,2007,2.82
Singapore,2007,2.84
Mauritania,2007,2.88
Benin,2007,2.89
Angola,2007,2.97
Niue,2007,23.61
Nauru,2007,24.23
Malaysia,2007,3.07
Iraq,2007,3.11
Vanuatu,2007,3.11
Turkmenistan,2007,3.13
Lao People's Democratic Republic,2007,3.15
Gabon,2007,3.16
Thailand,2007,3.19
Bahrain,2007,3.3
Djibouti,2007,3.41
Senegal,2007,3.41
Fiji,2007,3.42
Guinea,2007,3.47
India,2007,3.52
Saudi Arabia,2007,3.56
Mauritius,2007,3.57
Haiti,2007,3.65
Nepal,2007,3.66
China,2007,3.67
Cook Islands,2007,3.69
Cameroon,2007,3.71
Syrian Arab Republic,2007,3.72
Philippines,2007,3.75
Ghana,2007,3.8
Kenya,2007,3.8
Algeria,2007,3.82
Saint Vincent and the Grenadines,2007,3.82
Togo,2007,3.87
Nigeria,2007,3.91
Mozambique,2007,3.93
Sri Lanka,2007,3.95
Mongolia,2007,4.08
Dominican Republic,2007,4.09
Seychelles,2007,4.09
Bhutan,2007,4.13
Trinidad and Tobago,2007,4.15
Cabo Verde,2007,4.19
Guyana,2007,4.28
Viet Nam,2007,4.3
Chad,2007,4.34
Democratic Republic of the Congo,2007,4.34
Zambia,2007,4.35
Peru,2007,4.43
Egypt,2007,4.44
Antigua and Barbuda,2007,4.45
Madagascar,2007,4.49
Bahamas,2007,4.5
Uzbekistan,2007,4.54
Côte d’Ivoire,2007,4.55
Bolivia (Plurinational State of),2007,4.7
Central African Republic,2007,4.72
Tonga,2007,4.73
Russian Federation,2007,4.75
Dominica,2007,4.79
Saint Kitts and Nevis,2007,4.8
Samoa,2007,4.87
Cambodia,2007,4.91
Iran (Islamic Republic of),2007,4.91
Andorra,2007,4.92
Gambia,2007,4.96
Estonia,2007,4.98
Ethiopia,2007,5
Paraguay,2007,5.02
Romania,2007,5.02
Republic of Korea,2007,5.11
San Marino,2007,5.14
Tunisia,2007,5.18
Morocco,2007,5.2
Suriname,2007,5.22
Burkina Faso,2007,5.23
Grenada,2007,5.24
Türkiye,2007,5.24
Mali,2007,5.25
Belize,2007,5.27
Eritrea,2007,5.28
Jamaica,2007,5.32
Ecuador,2007,5.34
Cyprus,2007,5.36
Comoros,2007,5.42
Niger,2007,5.43
Malawi,2007,5.44
Armenia,2007,5.5
Latvia,2007,5.51
Botswana,2007,5.52
Saint Lucia,2007,5.52
Tajikistan,2007,5.54
Timor-Leste,2007,5.65
Sudan,2007,5.66
Belarus,2007,5.69
Albania,2007,5.71
Lithuania,2007,5.76
Mexico,2007,5.77
Yemen,2007,5.82
Poland,2007,5.87
Czechia,2007,5.99
Ukraine,2007,6.02
Barbados,2007,6.06
Uganda,2007,6.11
Bulgaria,2007,6.16
Luxembourg,2007,6.16
Chile,2007,6.18
Guatemala,2007,6.19
Colombia,2007,6.49
The former Yugoslav Republic of Macedonia,2007,6.57
Israel,2007,6.88
United Republic of Tanzania,2007,6.88
South Africa,2007,6.91
Kyrgyzstan,2007,6.93
Nicaragua,2007,6.96
Costa Rica,2007,7
Slovakia,2007,7.18
Solomon Islands,2007,7.18
Hungary,2007,7.2
Lesotho,2007,7.28
Guinea-Bissau,2007,7.3
Croatia,2007,7.42
Georgia,2007,7.44
Uruguay,2007,7.49
Slovenia,2007,7.51
Panama,2007,7.62
Japan,2007,7.78
Venezuela (Bolivarian Republic of),2007,7.78
Ireland,2007,7.81
Argentina,2007,7.83
Rwanda,2007,7.86
Spain,2007,7.92
Eswatini,2007,7.93
Sweden,2007,8
Jordan,2007,8.05
Norway,2007,8.05
Australia,2007,8.06
Finland,2007,8.08
Honduras,2007,8.08
Italy,2007,8.14
Malta,2007,8.17
Sao Tome and Principe,2007,8.17
Brazil,2007,8.2
Maldives,2007,8.31
New Zealand,2007,8.33
Iceland,2007,8.35
Greece,2007,8.4
El Salvador,2007,8.48
Lebanon,2007,8.56
United Kingdom of Great Britain and Northern Ireland,2007,8.6
Netherlands,2007,9.05
Belgium,2007,9.14
Portugal,2007,9.25
Denmark,2007,9.33
Switzerland,2007,9.36
Serbia,2007,9.38
Canada,2007,9.45
Austria,2007,9.53
Bosnia and Herzegovina,2007,9.53
Afghanistan,2007,9.9
Palau,2007,9.96
Equatorial Guinea,2006,1.52
Congo,2006,1.71
Kuwait,2006,1.82
Brunei Darussalam,2006,1.92
Namibia,2006,10.14
Germany,2006,10.18
France,2006,10.39
Sierra Leone,2006,10.39
Republic of Moldova,2006,10.54
Afghanistan,2006,10.62
Micronesia (Federated States of),2006,10.74
Kiribati,2006,11.58
Tuvalu,2006,12.27
Nauru,2006,12.42
United States of America,2006,14.7
Monaco,2006,2.02
Azerbaijan,2006,2.07
Myanmar,2006,2.25
Qatar,2006,2.29
Oman,2006,2.31
United Arab Emirates,2006,2.33
Iraq,2006,2.42
Papua New Guinea,2006,2.43
Libya,2006,2.51
Bangladesh,2006,2.52
Indonesia,2006,2.62
Angola,2006,2.69
Mauritania,2006,2.7
Pakistan,2006,2.86
Lao People's Democratic Republic,2006,2.93
Singapore,2006,2.93
Benin,2006,2.97
Marshall Islands,2006,20.33
Thailand,2006,3.1
Bahrain,2006,3.11
Malaysia,2006,3.11
Gabon,2006,3.14
Vanuatu,2006,3.32
Fiji,2006,3.35
Algeria,2006,3.36
Cook Islands,2006,3.38
Kazakhstan,2006,3.4
Togo,2006,3.45
Djibouti,2006,3.48
Haiti,2006,3.48
Nepal,2006,3.54
Guinea,2006,3.62
Saudi Arabia,2006,3.62
India,2006,3.63
Kenya,2006,3.63
Mauritius,2006,3.65
Saint Vincent and the Grenadines,2006,3.65
Ghana,2006,3.67
Cameroon,2006,3.74
Mongolia,2006,3.75
Senegal,2006,3.76
Philippines,2006,3.78
Syrian Arab Republic,2006,3.78
Guyana,2006,3.93
China,2006,3.95
Sri Lanka,2006,3.98
Dominican Republic,2006,3.99
Mozambique,2006,4.09
Trinidad and Tobago,2006,4.15
Jamaica,2006,4.21
Viet Nam,2006,4.25
Nigeria,2006,4.26
Bahamas,2006,4.31
Democratic Republic of the Congo,2006,4.39
Bhutan,2006,4.41
Peru,2006,4.41
Central African Republic,2006,4.44
Ethiopia,2006,4.46
Cabo Verde,2006,4.49
Burkina Faso,2006,4.51
Belize,2006,4.55
Antigua and Barbuda,2006,4.63
Bolivia (Plurinational State of),2006,4.66
Seychelles,2006,4.68
Uzbekistan,2006,4.75
Côte d’Ivoire,2006,4.76
Estonia,2006,4.76
Russian Federation,2006,4.77
Dominica,2006,4.78
Egypt,2006,4.84
Chad,2006,4.87
Botswana,2006,4.88
Sudan,2006,4.89
Malawi,2006,4.91
Morocco,2006,4.94
Republic of Korea,2006,4.94
Andorra,2006,4.96
San Marino,2006,4.96
Saint Kitts and Nevis,2006,4.98
Turkmenistan,2006,4.98
Paraguay,2006,5.02
Samoa,2006,5.02
Tajikistan,2006,5.03
Romania,2006,5.07
Madagascar,2006,5.08
Grenada,2006,5.11
Saint Lucia,2006,5.12
Tunisia,2006,5.13
Türkiye,2006,5.15
Iran (Islamic Republic of),2006,5.16
Gambia,2006,5.44
Cyprus,2006,5.46
Mali,2006,5.46
Tonga,2006,5.47
Yemen,2006,5.53
Belarus,2006,5.57
Mexico,2006,5.66
Albania,2006,5.69
Ecuador,2006,5.7
Latvia,2006,5.7
Comoros,2006,5.77
Poland,2006,5.8
Lithuania,2006,5.84
Armenia,2006,5.85
Suriname,2006,5.86
Zambia,2006,5.87
Niger,2006,5.99
Niue,2006,50.18
Timor-Leste,2006,6
Chile,2006,6.04
Cambodia,2006,6.12
Lesotho,2006,6.12
Czechia,2006,6.16
Colombia,2006,6.34
Guatemala,2006,6.36
Nicaragua,2006,6.36
Ukraine,2006,6.42
Uganda,2006,6.46
Bulgaria,2006,6.53
Barbados,2006,6.58
Luxembourg,2006,6.64
Panama,2006,6.78
Slovakia,2006,6.85
Eritrea,2006,6.86
South Africa,2006,6.88
Israel,2006,6.91
Croatia,2006,6.92
Costa Rica,2006,6.94
Guinea-Bissau,2006,7.29
The former Yugoslav Republic of Macedonia,2006,7.38
Ireland,2006,7.52
United Republic of Tanzania,2006,7.6
Rwanda,2006,7.61
Georgia,2006,7.63
Argentina,2006,7.64
Japan,2006,7.69
Uruguay,2006,7.74
Hungary,2006,7.78
Jordan,2006,7.81
Slovenia,2006,7.82
Eswatini,2006,7.83
Spain,2006,7.83
Honduras,2006,7.86
Norway,2006,7.91
Australia,2006,7.98
Solomon Islands,2006,8.01
Maldives,2006,8.05
Sweden,2006,8.05
Venezuela (Bolivarian Republic of),2006,8.1
Brazil,2006,8.25
Greece,2006,8.26
Cuba,2006,8.27
Finland,2006,8.28
Sao Tome and Principe,2006,8.28
Kyrgyzstan,2006,8.31
Italy,2006,8.44
Serbia,2006,8.49
Liberia,2006,8.5
Iceland,2006,8.56
United Kingdom of Great Britain and Northern Ireland,2006,8.63
New Zealand,2006,8.64
Lebanon,2006,8.66
El Salvador,2006,8.69
Malta,2006,8.81
Netherlands,2006,9.08
Belgium,2006,9.13
Bosnia and Herzegovina,2006,9.17
Denmark,2006,9.17
Canada,2006,9.34
Portugal,2006,9.35
Austria,2006,9.53
Switzerland,2006,9.53
Palau,2006,9.67
Burundi,2006,9.94
Equatorial Guinea,2005,1.5
Congo,2005,1.72
Switzerland,2005,10
Namibia,2005,10.19
France,2005,10.21
Germany,2005,10.31
Nauru,2005,10.31
Tuvalu,2005,10.56
Sierra Leone,2005,11.04
Kiribati,2005,11.51
Sao Tome and Principe,2005,11.52
Niue,2005,12.3
United States of America,2005,14.57
Micronesia (Federated States of),2005,17.73
Kuwait,2005,2.01
Monaco,2005,2.12
Brunei Darussalam,2005,2.24
Azerbaijan,2005,2.26
United Arab Emirates,2005,2.32
Myanmar,2005,2.33
Bangladesh,2005,2.45
Papua New Guinea,2005,2.45
Indonesia,2005,2.53
Qatar,2005,2.56
Oman,2005,2.59
Pakistan,2005,2.59
Libya,2005,2.6
Malaysia,2005,2.79
Angola,2005,2.85
Iraq,2005,2.9
Benin,2005,2.93
Gabon,2005,2.93
Marshall Islands,2005,20.22
Singapore,2005,3.03
Kenya,2005,3.13
Thailand,2005,3.16
Djibouti,2005,3.22
Algeria,2005,3.24
Bahrain,2005,3.26
Fiji,2005,3.26
Togo,2005,3.3
Haiti,2005,3.31
Vanuatu,2005,3.31
Lao People's Democratic Republic,2005,3.34
Mauritania,2005,3.4
Saudi Arabia,2005,3.42
Mauritius,2005,3.57
Ghana,2005,3.63
Senegal,2005,3.67
Philippines,2005,3.74
Mongolia,2005,3.76
Cameroon,2005,3.77
Guyana,2005,3.79
India,2005,3.79
Cook Islands,2005,3.82
Saint Vincent and the Grenadines,2005,3.83
Kazakhstan,2005,3.9
Nepal,2005,3.94
Burkina Faso,2005,3.95
Sri Lanka,2005,4.01
Viet Nam,2005,4.01
Bahamas,2005,4.03
Guinea,2005,4.05
Sudan,2005,4.09
Ethiopia,2005,4.1
Syrian Arab Republic,2005,4.11
Bhutan,2005,4.13
China,2005,4.18
Democratic Republic of the Congo,2005,4.25
Cabo Verde,2005,4.27
Malawi,2005,4.3
Dominican Republic,2005,4.35
Central African Republic,2005,4.37
Mozambique,2005,4.38
Tonga,2005,4.39
Trinidad and Tobago,2005,4.43
Belize,2005,4.45
Nigeria,2005,4.47
Jamaica,2005,4.55
Republic of Korea,2005,4.62
Peru,2005,4.67
Morocco,2005,4.73
Saint Kitts and Nevis,2005,4.73
Samoa,2005,4.76
Russian Federation,2005,4.77
Uzbekistan,2005,4.78
Paraguay,2005,4.83
Chad,2005,4.84
Saint Lucia,2005,4.86
Türkiye,2005,4.89
Egypt,2005,4.92
San Marino,2005,4.93
Dominica,2005,4.98
Seychelles,2005,4.98
Antigua and Barbuda,2005,4.99
Côte d’Ivoire,2005,5.01
Estonia,2005,5.05
Bolivia (Plurinational State of),2005,5.07
Botswana,2005,5.07
Grenada,2005,5.14
Tunisia,2005,5.15
Madagascar,2005,5.2
Mali,2005,5.2
Tajikistan,2005,5.21
Yemen,2005,5.21
Suriname,2005,5.24
Timor-Leste,2005,5.28
Iran (Islamic Republic of),2005,5.3
Gambia,2005,5.39
Cyprus,2005,5.44
Lesotho,2005,5.45
Romania,2005,5.53
Andorra,2005,5.59
Ecuador,2005,5.59
Lithuania,2005,5.65
Turkmenistan,2005,5.65
Poland,2005,5.81
Uganda,2005,5.81
Albania,2005,5.83
Latvia,2005,5.83
Mexico,2005,5.84
Armenia,2005,5.86
Niger,2005,5.88
Venezuela (Bolivarian Republic of),2005,6.06
Belarus,2005,6.07
Colombia,2005,6.07
Comoros,2005,6.13
Guatemala,2005,6.15
Nicaragua,2005,6.22
United Republic of Tanzania,2005,6.32
Czechia,2005,6.34
Ukraine,2005,6.35
Panama,2005,6.43
Chile,2005,6.59
Slovakia,2005,6.59
Costa Rica,2005,6.66
Barbados,2005,6.77
Cambodia,2005,6.85
Croatia,2005,6.85
Eritrea,2005,6.86
South Africa,2005,6.86
Zambia,2005,6.86
Bulgaria,2005,6.89
Israel,2005,7.12
Luxembourg,2005,7.12
Guinea-Bissau,2005,7.25
Eswatini,2005,7.38
Kyrgyzstan,2005,7.45
Honduras,2005,7.5
Lebanon,2005,7.55
Argentina,2005,7.61
Ireland,2005,7.64
Japan,2005,7.66
The former Yugoslav Republic of Macedonia,2005,7.68
Rwanda,2005,7.73
Spain,2005,7.73
Uruguay,2005,7.76
Australia,2005,7.97
Hungary,2005,7.98
Slovenia,2005,8
Brazil,2005,8.04
Georgia,2005,8.08
Sweden,2005,8.15
New Zealand,2005,8.27
Serbia,2005,8.28
Finland,2005,8.29
Norway,2005,8.33
Italy,2005,8.34
United Kingdom of Great Britain and Northern Ireland,2005,8.39
Burundi,2005,8.42
Greece,2005,8.56
Jordan,2005,8.59
Malta,2005,8.66
Cuba,2005,8.76
Maldives,2005,8.83
Iceland,2005,8.95
Solomon Islands,2005,9.02
Canada,2005,9.04
Bosnia and Herzegovina,2005,9.05
Denmark,2005,9.09
Netherlands,2005,9.1
El Salvador,2005,9.2
Belgium,2005,9.22
Palau,2005,9.44
Republic of Moldova,2005,9.56
Austria,2005,9.63
Portugal,2005,9.65
Liberia,2005,9.72
Afghanistan,2005,9.95
Equatorial Guinea,2004,1.66
Congo,2004,1.92
Palau,2004,10.04
Germany,2004,10.15
France,2004,10.16
Switzerland,2004,10.18
Namibia,2004,10.19
Sierra Leone,2004,10.96
Sao Tome and Principe,2004,11.87
Micronesia (Federated States of),2004,12.03
Kiribati,2004,12.42
United States of America,2004,14.55
Marshall Islands,2004,15.62
Niue,2004,17.34
Indonesia,2004,2.12
Monaco,2004,2.13
Pakistan,2004,2.26
Myanmar,2004,2.32
Kuwait,2004,2.36
Bangladesh,2004,2.38
United Arab Emirates,2004,2.46
Brunei Darussalam,2004,2.56
Papua New Guinea,2004,2.59
Azerbaijan,2004,2.67
Ghana,2004,2.76
Malaysia,2004,2.86
Oman,2004,2.98
Philippines,2004,3.05
Benin,2004,3.08
Togo,2004,3.09
Kenya,2004,3.12
Thailand,2004,3.14
Singapore,2004,3.15
Qatar,2004,3.18
Fiji,2004,3.26
Cook Islands,2004,3.32
Djibouti,2004,3.32
Gabon,2004,3.33
Mauritius,2004,3.36
Haiti,2004,3.43
Guyana,2004,3.44
Libya,2004,3.49
Bahrain,2004,3.5
Algeria,2004,3.54
Lao People's Democratic Republic,2004,3.54
Vanuatu,2004,3.54
Saudi Arabia,2004,3.58
Mozambique,2004,3.67
Mauritania,2004,3.7
Cameroon,2004,3.73
Viet Nam,2004,3.8
Iraq,2004,3.84
Saint Vincent and the Grenadines,2004,3.87
India,2004,3.96
Angola,2004,3.97
Kazakhstan,2004,3.98
Nepal,2004,4.04
Bahamas,2004,4.05
Malawi,2004,4.07
Mongolia,2004,4.16
Sudan,2004,4.16
Sri Lanka,2004,4.18
Burkina Faso,2004,4.22
Timor-Leste,2004,4.26
China,2004,4.29
Dominican Republic,2004,4.29
Central African Republic,2004,4.3
Ethiopia,2004,4.31
Trinidad and Tobago,2004,4.31
Cabo Verde,2004,4.38
Republic of Korea,2004,4.39
Democratic Republic of the Congo,2004,4.42
Peru,2004,4.43
Belize,2004,4.45
Syrian Arab Republic,2004,4.48
Saint Kitts and Nevis,2004,4.49
Tonga,2004,4.51
Senegal,2004,4.57
Morocco,2004,4.58
Bhutan,2004,4.6
Nigeria,2004,4.63
Samoa,2004,4.65
Uganda,2004,4.7
Dominica,2004,4.75
Russian Federation,2004,4.76
Saint Lucia,2004,4.76
Guinea,2004,4.78
Jamaica,2004,4.8
Tajikistan,2004,4.8
Uzbekistan,2004,4.84
Bolivia (Plurinational State of),2004,4.86
Egypt,2004,4.86
San Marino,2004,4.91
Türkiye,2004,4.91
Paraguay,2004,4.93
Niger,2004,4.98
Antigua and Barbuda,2004,5.12
Estonia,2004,5.12
Iran (Islamic Republic of),2004,5.13
Seychelles,2004,5.2
Tunisia,2004,5.2
Mali,2004,5.22
Madagascar,2004,5.25
Andorra,2004,5.29
Grenada,2004,5.37
Cyprus,2004,5.41
Gambia,2004,5.42
Suriname,2004,5.46
Côte d’Ivoire,2004,5.48
Romania,2004,5.48
Chad,2004,5.5
Lithuania,2004,5.51
Yemen,2004,5.51
Ecuador,2004,5.57
Belarus,2004,5.74
United Republic of Tanzania,2004,5.74
Colombia,2004,5.8
Poland,2004,5.87
Botswana,2004,5.89
Mexico,2004,5.95
Albania,2004,6.06
Armenia,2004,6.06
Lesotho,2004,6.06
Nicaragua,2004,6.06
Ukraine,2004,6.17
Kyrgyzstan,2004,6.2
Latvia,2004,6.2
Guatemala,2004,6.26
Turkmenistan,2004,6.26
Czechia,2004,6.35
Slovakia,2004,6.37
Croatia,2004,6.51
Nauru,2004,6.57
Comoros,2004,6.58
Costa Rica,2004,6.63
Venezuela (Bolivarian Republic of),2004,6.78
Eswatini,2004,6.81
Cuba,2004,6.83
Honduras,2004,6.85
Bulgaria,2004,6.89
Chile,2004,6.9
South Africa,2004,6.94
Eritrea,2004,7.01
Israel,2004,7.02
Zambia,2004,7.05
Cambodia,2004,7.08
Ireland,2004,7.22
Argentina,2004,7.23
Luxembourg,2004,7.28
Barbados,2004,7.32
Panama,2004,7.34
Guinea-Bissau,2004,7.48
Maldives,2004,7.48
Rwanda,2004,7.51
Japan,2004,7.54
Spain,2004,7.66
Burundi,2004,7.7
Solomon Islands,2004,7.72
Hungary,2004,7.76
New Zealand,2004,7.9
Slovenia,2004,7.94
Lebanon,2004,8
Malta,2004,8.05
Finland,2004,8.06
Australia,2004,8.09
Georgia,2004,8.09
Greece,2004,8.09
Brazil,2004,8.12
El Salvador,2004,8.13
Sweden,2004,8.13
Italy,2004,8.17
Serbia,2004,8.25
Uruguay,2004,8.3
United Kingdom of Great Britain and Northern Ireland,2004,8.33
The former Yugoslav Republic of Macedonia,2004,8.47
Jordan,2004,8.75
Norway,2004,8.82
Republic of Moldova,2004,8.97
Denmark,2004,9.01
Bosnia and Herzegovina,2004,9.06
Canada,2004,9.07
Netherlands,2004,9.11
Liberia,2004,9.15
Belgium,2004,9.33
Iceland,2004,9.33
Portugal,2004,9.53
Austria,2004,9.71
Afghanistan,2004,9.81
Tuvalu,2004,9.89
Congo,2003,1.92
Equatorial Guinea,2003,1.98
France,2003,10.08
Switzerland,2003,10.11
Germany,2003,10.4
Kiribati,2003,10.67
Sierra Leone,2003,10.83
Sao Tome and Principe,2003,12.62
Marshall Islands,2003,12.77
Tuvalu,2003,14.39
United States of America,2003,14.5
Monaco,2003,2.08
Indonesia,2003,2.25
Pakistan,2003,2.34
Bangladesh,2003,2.35
Myanmar,2003,2.38
Papua New Guinea,2003,2.45
Brunei Darussalam,2003,2.61
United Arab Emirates,2003,2.65
Azerbaijan,2003,2.73
Kuwait,2003,2.76
Ghana,2003,2.83
Kenya,2003,2.84
Timor-Leste,2003,2.84
Malaysia,2003,2.92
Togo,2003,2.94
Fiji,2003,2.97
Iraq,2003,2.99
Benin,2003,3.04
Philippines,2003,3.08
Cook Islands,2003,3.11
Burkina Faso,2003,3.14
Oman,2003,3.17
Mauritius,2003,3.22
Thailand,2003,3.24
Guyana,2003,3.27
Malawi,2003,3.32
Mozambique,2003,3.4
Tonga,2003,3.44
Qatar,2003,3.5
Vanuatu,2003,3.51
Gabon,2003,3.53
Haiti,2003,3.54
Angola,2003,3.55
Algeria,2003,3.6
Singapore,2003,3.61
Liberia,2003,3.66
Viet Nam,2003,3.67
Kazakhstan,2003,3.72
Sri Lanka,2003,3.77
Democratic Republic of the Congo,2003,3.82
Nepal,2003,3.85
Bahrain,2003,3.89
Sudan,2003,3.89
Cameroon,2003,3.9
Saint Vincent and the Grenadines,2003,3.96
Djibouti,2003,3.98
Saudi Arabia,2003,3.98
India,2003,4.01
Bahamas,2003,4.02
Mauritania,2003,4.03
Libya,2003,4.1
Mongolia,2003,4.1
Bhutan,2003,4.13
Trinidad and Tobago,2003,4.19
Jamaica,2003,4.22
Samoa,2003,4.29
Senegal,2003,4.3
Uganda,2003,4.3
Dominican Republic,2003,4.39
Central African Republic,2003,4.4
China,2003,4.42
Morocco,2003,4.42
Republic of Korea,2003,4.42
Lao People's Democratic Republic,2003,4.48
Cabo Verde,2003,4.5
Belize,2003,4.58
Peru,2003,4.59
Tajikistan,2003,4.7
Madagascar,2003,4.75
Niger,2003,4.75
Saint Kitts and Nevis,2003,4.75
Guinea,2003,4.78
San Marino,2003,4.82
Dominica,2003,4.85
Estonia,2003,4.86
Suriname,2003,4.89
Ethiopia,2003,4.9
Paraguay,2003,4.91
Iran (Islamic Republic of),2003,4.96
Türkiye,2003,5.01
Turkmenistan,2003,5.04
Mali,2003,5.05
Nigeria,2003,5.05
Syrian Arab Republic,2003,5.12
Russian Federation,2003,5.16
Uzbekistan,2003,5.19
Bolivia (Plurinational State of),2003,5.2
Tunisia,2003,5.21
Egypt,2003,5.22
Saint Lucia,2003,5.24
Grenada,2003,5.28
Gambia,2003,5.33
United Republic of Tanzania,2003,5.34
Seychelles,2003,5.36
Romania,2003,5.37
Ecuador,2003,5.44
Slovakia,2003,5.45
Côte d’Ivoire,2003,5.48
Latvia,2003,5.48
Chad,2003,5.51
Andorra,2003,5.55
Antigua and Barbuda,2003,5.58
Cyprus,2003,5.64
Yemen,2003,5.76
Belarus,2003,5.77
Colombia,2003,5.78
Mexico,2003,5.81
Kyrgyzstan,2003,5.82
Guinea-Bissau,2003,5.88
Poland,2003,5.95
Lesotho,2003,6.05
Nicaragua,2003,6.08
Guatemala,2003,6.15
Lithuania,2003,6.19
Albania,2003,6.2
Botswana,2003,6.21
Croatia,2003,6.3
Burundi,2003,6.31
Eswatini,2003,6.38
Czechia,2003,6.52
Ukraine,2003,6.55
Comoros,2003,6.65
Barbados,2003,6.68
Maldives,2003,6.78
Argentina,2003,6.89
Honduras,2003,6.89
Rwanda,2003,6.93
Cambodia,2003,6.94
Luxembourg,2003,6.96
Panama,2003,6.96
Costa Rica,2003,6.97
Ireland,2003,7.01
Republic of Moldova,2003,7.02
South Africa,2003,7.04
Israel,2003,7.08
Solomon Islands,2003,7.08
Cuba,2003,7.1
Armenia,2003,7.18
Zambia,2003,7.19
Bulgaria,2003,7.2
Chile,2003,7.33
Eritrea,2003,7.34
Japan,2003,7.49
Venezuela (Bolivarian Republic of),2003,7.51
Spain,2003,7.56
New Zealand,2003,7.72
El Salvador,2003,7.77
Italy,2003,7.83
Australia,2003,7.88
Malta,2003,7.9
Finland,2003,7.94
Georgia,2003,8.03
United Kingdom of Great Britain and Northern Ireland,2003,8.07
Slovenia,2003,8.1
Hungary,2003,8.12
Serbia,2003,8.14
Brazil,2003,8.19
Bosnia and Herzegovina,2003,8.31
Sweden,2003,8.32
Greece,2003,8.45
Lebanon,2003,8.67
Jordan,2003,8.84
Denmark,2003,8.9
Afghanistan,2003,8.94
Canada,2003,9.01
The former Yugoslav Republic of Macedonia,2003,9.01
Netherlands,2003,9.06
Palau,2003,9.08
Portugal,2003,9.12
Belgium,2003,9.16
Norway,2003,9.21
Nauru,2003,9.53
Niue,2003,9.53
Austria,2003,9.55
Micronesia (Federated States of),2003,9.57
Uruguay,2003,9.62
Iceland,2003,9.73
Namibia,2003,9.88
Congo,2002,1.7
Monaco,2002,1.79
Indonesia,2002,1.98
France,2002,10.02
Solomon Islands,2002,10.1
Germany,2002,10.18
Sao Tome and Principe,2002,10.66
Niue,2002,11.11
Sierra Leone,2002,11.42
Kiribati,2002,11.9
Tuvalu,2002,12.43
Marshall Islands,2002,12.84
Nauru,2002,13.19
United States of America,2002,13.99
Bangladesh,2002,2.3
Equatorial Guinea,2002,2.35
Qatar,2002,2.46
Nigeria,2002,2.49
Brunei Darussalam,2002,2.54
Myanmar,2002,2.58
Kenya,2002,2.62
Philippines,2002,2.64
Democratic Republic of the Congo,2002,2.65
Malaysia,2002,2.67
Malawi,2002,2.68
Pakistan,2002,2.7
United Arab Emirates,2002,2.72
Azerbaijan,2002,2.73
Papua New Guinea,2002,2.78
Ghana,2002,2.89
Liberia,2002,2.9
Togo,2002,2.9
Burkina Faso,2002,2.97
Fiji,2002,2.98
Benin,2002,3.04
Kuwait,2002,3.12
Rwanda,2002,3.13
Oman,2002,3.18
Guyana,2002,3.19
Mauritius,2002,3.23
Sudan,2002,3.3
Mozambique,2002,3.31
Gabon,2002,3.32
Angola,2002,3.33
Thailand,2002,3.33
Cook Islands,2002,3.35
Singapore,2002,3.36
Haiti,2002,3.43
Djibouti,2002,3.59
Tonga,2002,3.59
Viet Nam,2002,3.6
Kazakhstan,2002,3.61
Bahrain,2002,3.68
Lao People's Democratic Republic,2002,3.7
Algeria,2002,3.73
Bahamas,2002,3.81
Vanuatu,2002,3.9
Nepal,2002,3.93
Senegal,2002,3.95
Mauritania,2002,4
Cameroon,2002,4.03
Saint Vincent and the Grenadines,2002,4.08
Republic of Korea,2002,4.16
Turkmenistan,2002,4.16
Sri Lanka,2002,4.17
Central African Republic,2002,4.23
India,2002,4.24
Saudi Arabia,2002,4.25
China,2002,4.38
Morocco,2002,4.4
Tajikistan,2002,4.44
Saint Kitts and Nevis,2002,4.45
Ecuador,2002,4.47
Seychelles,2002,4.56
Romania,2002,4.58
Kyrgyzstan,2002,4.59
Bhutan,2002,4.6
Samoa,2002,4.64
Dominica,2002,4.65
Iran (Islamic Republic of),2002,4.65
Belize,2002,4.68
United Republic of Tanzania,2002,4.69
Estonia,2002,4.7
Ethiopia,2002,4.71
Trinidad and Tobago,2002,4.72
Jamaica,2002,4.75
Cabo Verde,2002,4.76
Paraguay,2002,4.76
Uganda,2002,4.77
Niger,2002,4.83
Yemen,2002,4.83
Libya,2002,4.89
Bolivia (Plurinational State of),2002,4.9
Peru,2002,4.94
Syrian Arab Republic,2002,4.95
Madagascar,2002,4.97
Dominican Republic,2002,4.99
Mali,2002,5
Türkiye,2002,5.06
Mexico,2002,5.07
Tunisia,2002,5.12
Uzbekistan,2002,5.14
Mongolia,2002,5.19
Antigua and Barbuda,2002,5.29
Suriname,2002,5.33
Guinea,2002,5.36
Saint Lucia,2002,5.38
San Marino,2002,5.44
Egypt,2002,5.51
Slovakia,2002,5.51
Eswatini,2002,5.52
Russian Federation,2002,5.52
Belarus,2002,5.62
Cyprus,2002,5.62
Albania,2002,5.66
Colombia,2002,5.73
Nicaragua,2002,5.73
Latvia,2002,5.76
Guinea-Bissau,2002,5.82
Barbados,2002,5.86
Côte d’Ivoire,2002,5.9
Ukraine,2002,5.99
Andorra,2002,6
Guatemala,2002,6.01
Poland,2002,6.07
Lithuania,2002,6.14
Croatia,2002,6.15
Czechia,2002,6.18
Grenada,2002,6.18
Honduras,2002,6.24
Gambia,2002,6.28
Botswana,2002,6.47
Burundi,2002,6.47
Ireland,2002,6.67
Comoros,2002,6.68
South Africa,2002,6.68
Eritrea,2002,6.69
Lesotho,2002,6.75
Luxembourg,2002,6.76
Zambia,2002,6.79
Spain,2002,6.8
Costa Rica,2002,6.87
Bulgaria,2002,7.08
Cuba,2002,7.11
Hungary,2002,7.12
Israel,2002,7.15
Cambodia,2002,7.23
Chad,2002,7.27
Chile,2002,7.27
Panama,2002,7.31
Japan,2002,7.35
Argentina,2002,7.39
Republic of Moldova,2002,7.4
Bosnia and Herzegovina,2002,7.43
Armenia,2002,7.61
Finland,2002,7.63
United Kingdom of Great Britain and Northern Ireland,2002,7.7
Malta,2002,7.71
Venezuela (Bolivarian Republic of),2002,7.72
Georgia,2002,7.81
Italy,2002,7.87
Australia,2002,7.88
El Salvador,2002,7.89
Micronesia (Federated States of),2002,7.9
New Zealand,2002,7.9
Slovenia,2002,8.02
Palau,2002,8.07
Serbia,2002,8.07
Sweden,2002,8.21
Greece,2002,8.23
Belgium,2002,8.32
Netherlands,2002,8.65
Brazil,2002,8.7
Denmark,2002,8.7
Maldives,2002,8.78
Portugal,2002,8.79
Canada,2002,8.86
The former Yugoslav Republic of Macedonia,2002,8.98
Norway,2002,9
Lebanon,2002,9.28
Jordan,2002,9.36
Austria,2002,9.39
Iceland,2002,9.4
Afghanistan,2002,9.44
Uruguay,2002,9.68
Namibia,2002,9.73
Switzerland,2002,9.85
Malawi,2001,1.69
Monaco,2001,1.76
Lebanon,2001,10.56
Sao Tome and Principe,2001,10.83
Sierra Leone,2001,10.97
Kiribati,2001,12.33
United States of America,2001,13.16
Marshall Islands,2001,14.82
Nauru,2001,15.5
Tuvalu,2001,18.48
Bangladesh,2001,2.1
Indonesia,2001,2.12
Myanmar,2001,2.15
Congo,2001,2.19
Equatorial Guinea,2001,2.2
Papua New Guinea,2001,2.3
Qatar,2001,2.32
United Arab Emirates,2001,2.48
Brunei Darussalam,2001,2.55
Pakistan,2001,2.59
Kenya,2001,2.67
Malaysia,2001,2.68
Democratic Republic of the Congo,2001,2.71
Azerbaijan,2001,2.76
Djibouti,2001,2.81
Philippines,2001,2.85
Burkina Faso,2001,2.89
Togo,2001,2.89
Fiji,2001,2.91
Mozambique,2001,2.91
Mauritius,2001,2.96
Thailand,2001,3.03
Guyana,2001,3.06
Oman,2001,3.08
Gabon,2001,3.15
Singapore,2001,3.16
Ghana,2001,3.17
Cook Islands,2001,3.18
Kuwait,2001,3.19
Nigeria,2001,3.19
Benin,2001,3.25
Rwanda,2001,3.32
Sudan,2001,3.36
Vanuatu,2001,3.39
Tonga,2001,3.43
Kazakhstan,2001,3.47
Bahrain,2001,3.49
Liberia,2001,3.51
Mauritania,2001,3.57
Senegal,2001,3.68
Ecuador,2001,3.75
Haiti,2001,3.75
Nepal,2001,3.8
Suriname,2001,3.82
Algeria,2001,3.84
Cameroon,2001,3.88
Bahamas,2001,3.92
Samoa,2001,3.93
Central African Republic,2001,3.96
Niue,2001,38.14
Saint Vincent and the Grenadines,2001,4
Trinidad and Tobago,2001,4.03
Libya,2001,4.05
Morocco,2001,4.13
Sri Lanka,2001,4.19
United Republic of Tanzania,2001,4.24
China,2001,4.25
India,2001,4.26
Kyrgyzstan,2001,4.28
Lao People's Democratic Republic,2001,4.29
Romania,2001,4.38
Saint Kitts and Nevis,2001,4.4
Republic of Korea,2001,4.43
Saudi Arabia,2001,4.46
Angola,2001,4.48
Viet Nam,2001,4.51
Mali,2001,4.52
Tajikistan,2001,4.58
Belize,2001,4.61
Armenia,2001,4.65
Dominica,2001,4.65
Syrian Arab Republic,2001,4.7
Ethiopia,2001,4.72
Peru,2001,4.72
Niger,2001,4.73
Cabo Verde,2001,4.75
Madagascar,2001,4.76
Estonia,2001,4.78
Mexico,2001,4.82
Turkmenistan,2001,4.82
Bolivia (Plurinational State of),2001,4.83
Tunisia,2001,4.86
Dominican Republic,2001,4.88
Guinea,2001,4.89
Türkiye,2001,4.89
Yemen,2001,4.95
Bhutan,2001,5
Mongolia,2001,5.05
Uganda,2001,5.05
Saint Lucia,2001,5.12
Eswatini,2001,5.14
Iran (Islamic Republic of),2001,5.16
Jamaica,2001,5.16
Russian Federation,2001,5.24
Uzbekistan,2001,5.24
Chad,2001,5.29
Slovakia,2001,5.33
Cyprus,2001,5.34
Egypt,2001,5.4
Seychelles,2001,5.4
Antigua and Barbuda,2001,5.44
Nicaragua,2001,5.48
Barbados,2001,5.53
Paraguay,2001,5.61
Grenada,2001,5.62
Gambia,2001,5.64
Poland,2001,5.67
San Marino,2001,5.69
Belarus,2001,5.71
Ukraine,2001,5.73
Latvia,2001,5.77
Andorra,2001,5.86
Czechia,2001,5.86
Eritrea,2001,5.92
Albania,2001,5.93
Honduras,2001,5.93
Colombia,2001,5.94
Lithuania,2001,6.01
Côte d’Ivoire,2001,6.02
Guatemala,2001,6.07
Botswana,2001,6.19
Republic of Moldova,2001,6.23
Luxembourg,2001,6.38
Ireland,2001,6.39
Burundi,2001,6.4
Costa Rica,2001,6.47
Zambia,2001,6.55
Solomon Islands,2001,6.61
Comoros,2001,6.65
Guinea-Bissau,2001,6.71
Spain,2001,6.77
Hungary,2001,6.83
Bulgaria,2001,6.86
Serbia,2001,6.87
Cuba,2001,6.98
Malta,2001,7
Cambodia,2001,7.01
South Africa,2001,7.12
Chile,2001,7.15
Croatia,2001,7.17
Georgia,2001,7.17
Panama,2001,7.17
Israel,2001,7.22
Japan,2001,7.24
Finland,2001,7.25
Lesotho,2001,7.28
United Kingdom of Great Britain and Northern Ireland,2001,7.39
New Zealand,2001,7.58
Bosnia and Herzegovina,2001,7.61
Australia,2001,7.68
Italy,2001,7.74
Venezuela (Bolivarian Republic of),2001,7.85
Slovenia,2001,7.88
El Salvador,2001,7.89
Sweden,2001,7.9
Greece,2001,7.99
Palau,2001,8
Norway,2001,8.02
Netherlands,2001,8.06
Belgium,2001,8.15
Maldives,2001,8.21
Argentina,2001,8.37
The former Yugoslav Republic of Macedonia,2001,8.38
Denmark,2001,8.45
Micronesia (Federated States of),2001,8.45
Brazil,2001,8.55
Canada,2001,8.62
Portugal,2001,8.63
Iceland,2001,8.75
Austria,2001,9.27
Switzerland,2001,9.44
Namibia,2001,9.53
Jordan,2001,9.59
France,2001,9.71
Uruguay,2001,9.8
Germany,2001,9.92
Congo,2000,1.51
Democratic Republic of the Congo,2000,1.55
Monaco,2000,1.74
Indonesia,2000,1.85
Angola,2000,1.91
Malawi,2000,1.96
Qatar,2000,1.97
Sao Tome and Principe,2000,10.51
Lebanon,2000,10.83
Sierra Leone,2000,11.52
United States of America,2000,12.49
Marshall Islands,2000,17.48
Nauru,2000,18.12
Myanmar,2000,2
Papua New Guinea,2000,2.02
Bangladesh,2000,2.11
Equatorial Guinea,2000,2.15
Kuwait,2000,2.2
Mozambique,2000,2.22
United Arab Emirates,2000,2.37
Kenya,2000,2.49
Malaysia,2000,2.51
Brunei Darussalam,2000,2.55
Pakistan,2000,2.75
Ghana,2000,2.79
Togo,2000,2.79
Gabon,2000,2.9
Mauritius,2000,2.9
Tonga,2000,2.9
Djibouti,2000,2.94
Azerbaijan,2000,2.95
Burkina Faso,2000,2.95
Cook Islands,2000,2.95
Tuvalu,2000,22.37
Oman,2000,3.06
Philippines,2000,3.06
Benin,2000,3.1
Thailand,2000,3.1
Nepal,2000,3.13
Guyana,2000,3.19
Nigeria,2000,3.2
Vanuatu,2000,3.31
Ecuador,2000,3.33
Bahrain,2000,3.34
Singapore,2000,3.34
Mauritania,2000,3.38
Fiji,2000,3.42
United Republic of Tanzania,2000,3.42
Libya,2000,3.43
Algeria,2000,3.49
Senegal,2000,3.55
Rwanda,2000,3.58
Sudan,2000,3.61
Bahamas,2000,3.8
Viet Nam,2000,3.82
Republic of Korea,2000,3.9
Belize,2000,3.94
Saint Vincent and the Grenadines,2000,3.98
Haiti,2000,3.99
Morocco,2000,4
India,2000,4.03
Turkmenistan,2000,4.08
Cameroon,2000,4.11
Kazakhstan,2000,4.16
Armenia,2000,4.2
Romania,2000,4.21
Saudi Arabia,2000,4.21
Trinidad and Tobago,2000,4.23
Sri Lanka,2000,4.25
Tajikistan,2000,4.26
Central African Republic,2000,4.27
Lao People's Democratic Republic,2000,4.28
Liberia,2000,4.3
Ethiopia,2000,4.37
Bolivia (Plurinational State of),2000,4.4
Samoa,2000,4.4
Kyrgyzstan,2000,4.41
Peru,2000,4.41
Cabo Verde,2000,4.43
Bhutan,2000,4.45
Mexico,2000,4.45
Madagascar,2000,4.47
China,2000,4.51
Syrian Arab Republic,2000,4.55
Türkiye,2000,4.6
Eswatini,2000,4.61
Seychelles,2000,4.61
Niger,2000,4.66
Yemen,2000,4.67
Antigua and Barbuda,2000,4.72
Iran (Islamic Republic of),2000,4.72
Guinea,2000,4.75
Saint Kitts and Nevis,2000,4.8
Tunisia,2000,4.81
Solomon Islands,2000,4.83
Saint Lucia,2000,4.86
Dominican Republic,2000,4.88
Egypt,2000,4.92
Russian Federation,2000,5.02
Uganda,2000,5.08
Uzbekistan,2000,5.12
Estonia,2000,5.16
Nicaragua,2000,5.24
Belarus,2000,5.28
Poland,2000,5.29
Slovakia,2000,5.3
Cyprus,2000,5.31
Ukraine,2000,5.31
Dominica,2000,5.32
Barbados,2000,5.33
Grenada,2000,5.36
Guatemala,2000,5.4
Latvia,2000,5.43
Chad,2000,5.46
Mali,2000,5.47
Lesotho,2000,5.61
Colombia,2000,5.64
Jamaica,2000,5.64
Czechia,2000,5.7
Mongolia,2000,5.7
Eritrea,2000,5.77
Bulgaria,2000,5.83
San Marino,2000,5.84
Suriname,2000,5.87
Ireland,2000,5.9
Luxembourg,2000,5.93
Republic of Moldova,2000,5.93
Albania,2000,5.94
Botswana,2000,5.94
Andorra,2000,5.95
Paraguay,2000,6.02
Côte d’Ivoire,2000,6.13
Burundi,2000,6.18
Lithuania,2000,6.2
Honduras,2000,6.27
Serbia,2000,6.5
Cambodia,2000,6.54
Costa Rica,2000,6.56
Malta,2000,6.57
Cuba,2000,6.58
Gambia,2000,6.65
Guinea-Bissau,2000,6.74
Hungary,2000,6.78
Israel,2000,6.8
Spain,2000,6.8
Japan,2000,7.03
Chile,2000,7.04
Finland,2000,7.09
Zambia,2000,7.15
Georgia,2000,7.19
United Kingdom of Great Britain and Northern Ireland,2000,7.19
Greece,2000,7.24
Panama,2000,7.24
Sweden,2000,7.33
Venezuela (Bolivarian Republic of),2000,7.33
South Africa,2000,7.34
New Zealand,2000,7.47
Comoros,2000,7.52
Italy,2000,7.57
Australia,2000,7.6
Croatia,2000,7.64
Netherlands,2000,7.71
Norway,2000,7.71
Maldives,2000,7.74
Micronesia (Federated States of),2000,7.77
Slovenia,2000,7.8
El Salvador,2000,7.84
Niue,2000,7.93
Belgium,2000,8
Bosnia and Herzegovina,2000,8
Denmark,2000,8.1
Argentina,2000,8.22
Canada,2000,8.25
Brazil,2000,8.33
Portugal,2000,8.6
Kiribati,2000,8.65
Palau,2000,8.7
The former Yugoslav Republic of Macedonia,2000,8.87
Iceland,2000,8.9
Switzerland,2000,9.11
Austria,2000,9.2
Uruguay,2000,9.21
Jordan,2000,9.34
France,2000,9.58
Namibia,2000,9.64
Germany,2000,9.89
